threshold,margin,TP,FP,FN,TN,precision,recall,f1
0.2,0.0,460,211,2,123,0.6855439642324889,0.9956709956709957,0.8120035304501324
0.2,0.01,459,193,3,141,0.7039877300613497,0.9935064935064936,0.8240574506283663
0.2,0.02,453,185,9,149,0.7100313479623824,0.9805194805194806,0.8236363636363636
0.2,0.03,448,169,14,165,0.7260940032414911,0.9696969696969697,0.8303985171455052
0.2,0.04,445,157,17,177,0.739202657807309,0.9632034632034632,0.8364661654135338
0.2,0.05,438,143,24,191,0.7538726333907056,0.948051948051948,0.8398849472674976
0.2,0.06,433,134,29,200,0.763668430335097,0.9372294372294372,0.8415937803692906
0.2,0.07,429,125,33,209,0.7743682310469314,0.9285714285714286,0.8444881889763779
0.2,0.08,424,114,38,220,0.7881040892193308,0.9177489177489178,0.8480000000000001
0.2,0.09,418,108,44,226,0.7946768060836502,0.9047619047619048,0.8461538461538461
0.2,0.1,406,106,56,228,0.79296875,0.8787878787878788,0.8336755646817249
0.2,0.11,395,90,67,244,0.8144329896907216,0.854978354978355,0.8342133051742344
0.2,0.12,377,83,85,251,0.8195652173913044,0.816017316017316,0.8177874186550977
0.2,0.13,361,78,101,256,0.8223234624145785,0.7813852813852814,0.8013318534961154
0.2,0.14,344,70,118,264,0.8309178743961353,0.7445887445887446,0.7853881278538813
0.2,0.15,325,55,137,279,0.8552631578947368,0.7034632034632035,0.7719714964370546
0.2,0.16,309,52,153,282,0.8559556786703602,0.6688311688311688,0.7509113001215068
0.2,0.17,285,40,177,294,0.8769230769230769,0.6168831168831169,0.7242693773824651
0.2,0.18,260,34,202,300,0.8843537414965986,0.5627705627705628,0.6878306878306879
0.2,0.19,242,28,220,306,0.8962962962962963,0.5238095238095238,0.6612021857923497
0.2,0.2,217,28,245,306,0.8857142857142857,0.4696969696969697,0.6138613861386139
0.2,0.21,201,26,261,308,0.8854625550660793,0.43506493506493504,0.5834542815674891
0.2,0.22,188,26,274,308,0.8785046728971962,0.4069264069264069,0.5562130177514792
0.2,0.23,172,22,290,312,0.8865979381443299,0.3722943722943723,0.5243902439024389
0.2,0.24,167,17,295,317,0.907608695652174,0.36147186147186144,0.5170278637770898
0.2,0.25,151,13,311,321,0.9207317073170732,0.3268398268398268,0.48242811501597443
0.21,0.0,460,211,2,123,0.6855439642324889,0.9956709956709957,0.8120035304501324
0.21,0.01,459,193,3,141,0.7039877300613497,0.9935064935064936,0.8240574506283663
0.21,0.02,453,185,9,149,0.7100313479623824,0.9805194805194806,0.8236363636363636
0.21,0.03,448,169,14,165,0.7260940032414911,0.9696969696969697,0.8303985171455052
0.21,0.04,445,157,17,177,0.739202657807309,0.9632034632034632,0.8364661654135338
0.21,0.05,438,143,24,191,0.7538726333907056,0.948051948051948,0.8398849472674976
0.21,0.06,433,134,29,200,0.763668430335097,0.9372294372294372,0.8415937803692906
0.21,0.07,429,125,33,209,0.7743682310469314,0.9285714285714286,0.8444881889763779
0.21,0.08,424,114,38,220,0.7881040892193308,0.9177489177489178,0.8480000000000001
0.21,0.09,418,108,44,226,0.7946768060836502,0.9047619047619048,0.8461538461538461
0.21,0.1,406,106,56,228,0.79296875,0.8787878787878788,0.8336755646817249
0.21,0.11,395,90,67,244,0.8144329896907216,0.854978354978355,0.8342133051742344
0.21,0.12,377,83,85,251,0.8195652173913044,0.816017316017316,0.8177874186550977
0.21,0.13,361,78,101,256,0.8223234624145785,0.7813852813852814,0.8013318534961154
0.21,0.14,344,70,118,264,0.8309178743961353,0.7445887445887446,0.7853881278538813
0.21,0.15,325,55,137,279,0.8552631578947368,0.7034632034632035,0.7719714964370546
0.21,0.16,309,52,153,282,0.8559556786703602,0.6688311688311688,0.7509113001215068
0.21,0.17,285,40,177,294,0.8769230769230769,0.6168831168831169,0.7242693773824651
0.21,0.18,260,34,202,300,0.8843537414965986,0.5627705627705628,0.6878306878306879
0.21,0.19,242,28,220,306,0.8962962962962963,0.5238095238095238,0.6612021857923497
0.21,0.2,217,28,245,306,0.8857142857142857,0.4696969696969697,0.6138613861386139
0.21,0.21,201,26,261,308,0.8854625550660793,0.43506493506493504,0.5834542815674891
0.21,0.22,188,26,274,308,0.8785046728971962,0.4069264069264069,0.5562130177514792
0.21,0.23,172,22,290,312,0.8865979381443299,0.3722943722943723,0.5243902439024389
0.21,0.24,167,17,295,317,0.907608695652174,0.36147186147186144,0.5170278637770898
0.21,0.25,151,13,311,321,0.9207317073170732,0.3268398268398268,0.48242811501597443
0.22,0.0,460,211,2,123,0.6855439642324889,0.9956709956709957,0.8120035304501324
0.22,0.01,459,193,3,141,0.7039877300613497,0.9935064935064936,0.8240574506283663
0.22,0.02,453,185,9,149,0.7100313479623824,0.9805194805194806,0.8236363636363636
0.22,0.03,448,169,14,165,0.7260940032414911,0.9696969696969697,0.8303985171455052
0.22,0.04,445,157,17,177,0.739202657807309,0.9632034632034632,0.8364661654135338
0.22,0.05,438,143,24,191,0.7538726333907056,0.948051948051948,0.8398849472674976
0.22,0.06,433,134,29,200,0.763668430335097,0.9372294372294372,0.8415937803692906
0.22,0.07,429,125,33,209,0.7743682310469314,0.9285714285714286,0.8444881889763779
0.22,0.08,424,114,38,220,0.7881040892193308,0.9177489177489178,0.8480000000000001
0.22,0.09,418,108,44,226,0.7946768060836502,0.9047619047619048,0.8461538461538461
0.22,0.1,406,106,56,228,0.79296875,0.8787878787878788,0.8336755646817249
0.22,0.11,395,90,67,244,0.8144329896907216,0.854978354978355,0.8342133051742344
0.22,0.12,377,83,85,251,0.8195652173913044,0.816017316017316,0.8177874186550977
0.22,0.13,361,78,101,256,0.8223234624145785,0.7813852813852814,0.8013318534961154
0.22,0.14,344,70,118,264,0.8309178743961353,0.7445887445887446,0.7853881278538813
0.22,0.15,325,55,137,279,0.8552631578947368,0.7034632034632035,0.7719714964370546
0.22,0.16,309,52,153,282,0.8559556786703602,0.6688311688311688,0.7509113001215068
0.22,0.17,285,40,177,294,0.8769230769230769,0.6168831168831169,0.7242693773824651
0.22,0.18,260,34,202,300,0.8843537414965986,0.5627705627705628,0.6878306878306879
0.22,0.19,242,28,220,306,0.8962962962962963,0.5238095238095238,0.6612021857923497
0.22,0.2,217,28,245,306,0.8857142857142857,0.4696969696969697,0.6138613861386139
0.22,0.21,201,26,261,308,0.8854625550660793,0.43506493506493504,0.5834542815674891
0.22,0.22,188,26,274,308,0.8785046728971962,0.4069264069264069,0.5562130177514792
0.22,0.23,172,22,290,312,0.8865979381443299,0.3722943722943723,0.5243902439024389
0.22,0.24,167,17,295,317,0.907608695652174,0.36147186147186144,0.5170278637770898
0.22,0.25,151,13,311,321,0.9207317073170732,0.3268398268398268,0.48242811501597443
0.23,0.0,460,211,2,123,0.6855439642324889,0.9956709956709957,0.8120035304501324
0.23,0.01,459,193,3,141,0.7039877300613497,0.9935064935064936,0.8240574506283663
0.23,0.02,453,185,9,149,0.7100313479623824,0.9805194805194806,0.8236363636363636
0.23,0.03,448,169,14,165,0.7260940032414911,0.9696969696969697,0.8303985171455052
0.23,0.04,445,157,17,177,0.739202657807309,0.9632034632034632,0.8364661654135338
0.23,0.05,438,143,24,191,0.7538726333907056,0.948051948051948,0.8398849472674976
0.23,0.06,433,134,29,200,0.763668430335097,0.9372294372294372,0.8415937803692906
0.23,0.07,429,125,33,209,0.7743682310469314,0.9285714285714286,0.8444881889763779
0.23,0.08,424,114,38,220,0.7881040892193308,0.9177489177489178,0.8480000000000001
0.23,0.09,418,108,44,226,0.7946768060836502,0.9047619047619048,0.8461538461538461
0.23,0.1,406,106,56,228,0.79296875,0.8787878787878788,0.8336755646817249
0.23,0.11,395,90,67,244,0.8144329896907216,0.854978354978355,0.8342133051742344
0.23,0.12,377,83,85,251,0.8195652173913044,0.816017316017316,0.8177874186550977
0.23,0.13,361,78,101,256,0.8223234624145785,0.7813852813852814,0.8013318534961154
0.23,0.14,344,70,118,264,0.8309178743961353,0.7445887445887446,0.7853881278538813
0.23,0.15,325,55,137,279,0.8552631578947368,0.7034632034632035,0.7719714964370546
0.23,0.16,309,52,153,282,0.8559556786703602,0.6688311688311688,0.7509113001215068
0.23,0.17,285,40,177,294,0.8769230769230769,0.6168831168831169,0.7242693773824651
0.23,0.18,260,34,202,300,0.8843537414965986,0.5627705627705628,0.6878306878306879
0.23,0.19,242,28,220,306,0.8962962962962963,0.5238095238095238,0.6612021857923497
0.23,0.2,217,28,245,306,0.8857142857142857,0.4696969696969697,0.6138613861386139
0.23,0.21,201,26,261,308,0.8854625550660793,0.43506493506493504,0.5834542815674891
0.23,0.22,188,26,274,308,0.8785046728971962,0.4069264069264069,0.5562130177514792
0.23,0.23,172,22,290,312,0.8865979381443299,0.3722943722943723,0.5243902439024389
0.23,0.24,167,17,295,317,0.907608695652174,0.36147186147186144,0.5170278637770898
0.23,0.25,151,13,311,321,0.9207317073170732,0.3268398268398268,0.48242811501597443
0.24,0.0,460,211,2,123,0.6855439642324889,0.9956709956709957,0.8120035304501324
0.24,0.01,459,193,3,141,0.7039877300613497,0.9935064935064936,0.8240574506283663
0.24,0.02,453,185,9,149,0.7100313479623824,0.9805194805194806,0.8236363636363636
0.24,0.03,448,169,14,165,0.7260940032414911,0.9696969696969697,0.8303985171455052
0.24,0.04,445,157,17,177,0.739202657807309,0.9632034632034632,0.8364661654135338
0.24,0.05,438,143,24,191,0.7538726333907056,0.948051948051948,0.8398849472674976
0.24,0.06,433,134,29,200,0.763668430335097,0.9372294372294372,0.8415937803692906
0.24,0.07,429,125,33,209,0.7743682310469314,0.9285714285714286,0.8444881889763779
0.24,0.08,424,114,38,220,0.7881040892193308,0.9177489177489178,0.8480000000000001
0.24,0.09,418,108,44,226,0.7946768060836502,0.9047619047619048,0.8461538461538461
0.24,0.1,406,106,56,228,0.79296875,0.8787878787878788,0.8336755646817249
0.24,0.11,395,90,67,244,0.8144329896907216,0.854978354978355,0.8342133051742344
0.24,0.12,377,83,85,251,0.8195652173913044,0.816017316017316,0.8177874186550977
0.24,0.13,361,78,101,256,0.8223234624145785,0.7813852813852814,0.8013318534961154
0.24,0.14,344,70,118,264,0.8309178743961353,0.7445887445887446,0.7853881278538813
0.24,0.15,325,55,137,279,0.8552631578947368,0.7034632034632035,0.7719714964370546
0.24,0.16,309,52,153,282,0.8559556786703602,0.6688311688311688,0.7509113001215068
0.24,0.17,285,40,177,294,0.8769230769230769,0.6168831168831169,0.7242693773824651
0.24,0.18,260,34,202,300,0.8843537414965986,0.5627705627705628,0.6878306878306879
0.24,0.19,242,28,220,306,0.8962962962962963,0.5238095238095238,0.6612021857923497
0.24,0.2,217,28,245,306,0.8857142857142857,0.4696969696969697,0.6138613861386139
0.24,0.21,201,26,261,308,0.8854625550660793,0.43506493506493504,0.5834542815674891
0.24,0.22,188,26,274,308,0.8785046728971962,0.4069264069264069,0.5562130177514792
0.24,0.23,172,22,290,312,0.8865979381443299,0.3722943722943723,0.5243902439024389
0.24,0.24,167,17,295,317,0.907608695652174,0.36147186147186144,0.5170278637770898
0.24,0.25,151,13,311,321,0.9207317073170732,0.3268398268398268,0.48242811501597443
0.25,0.0,460,211,2,123,0.6855439642324889,0.9956709956709957,0.8120035304501324
0.25,0.01,459,193,3,141,0.7039877300613497,0.9935064935064936,0.8240574506283663
0.25,0.02,453,185,9,149,0.7100313479623824,0.9805194805194806,0.8236363636363636
0.25,0.03,448,169,14,165,0.7260940032414911,0.9696969696969697,0.8303985171455052
0.25,0.04,445,157,17,177,0.739202657807309,0.9632034632034632,0.8364661654135338
0.25,0.05,438,143,24,191,0.7538726333907056,0.948051948051948,0.8398849472674976
0.25,0.06,433,134,29,200,0.763668430335097,0.9372294372294372,0.8415937803692906
0.25,0.07,429,125,33,209,0.7743682310469314,0.9285714285714286,0.8444881889763779
0.25,0.08,424,114,38,220,0.7881040892193308,0.9177489177489178,0.8480000000000001
0.25,0.09,418,108,44,226,0.7946768060836502,0.9047619047619048,0.8461538461538461
0.25,0.1,406,106,56,228,0.79296875,0.8787878787878788,0.8336755646817249
0.25,0.11,395,90,67,244,0.8144329896907216,0.854978354978355,0.8342133051742344
0.25,0.12,377,83,85,251,0.8195652173913044,0.816017316017316,0.8177874186550977
0.25,0.13,361,78,101,256,0.8223234624145785,0.7813852813852814,0.8013318534961154
0.25,0.14,344,70,118,264,0.8309178743961353,0.7445887445887446,0.7853881278538813
0.25,0.15,325,55,137,279,0.8552631578947368,0.7034632034632035,0.7719714964370546
0.25,0.16,309,52,153,282,0.8559556786703602,0.6688311688311688,0.7509113001215068
0.25,0.17,285,40,177,294,0.8769230769230769,0.6168831168831169,0.7242693773824651
0.25,0.18,260,34,202,300,0.8843537414965986,0.5627705627705628,0.6878306878306879
0.25,0.19,242,28,220,306,0.8962962962962963,0.5238095238095238,0.6612021857923497
0.25,0.2,217,28,245,306,0.8857142857142857,0.4696969696969697,0.6138613861386139
0.25,0.21,201,26,261,308,0.8854625550660793,0.43506493506493504,0.5834542815674891
0.25,0.22,188,26,274,308,0.8785046728971962,0.4069264069264069,0.5562130177514792
0.25,0.23,172,22,290,312,0.8865979381443299,0.3722943722943723,0.5243902439024389
0.25,0.24,167,17,295,317,0.907608695652174,0.36147186147186144,0.5170278637770898
0.25,0.25,151,13,311,321,0.9207317073170732,0.3268398268398268,0.48242811501597443
0.26,0.0,460,211,2,123,0.6855439642324889,0.9956709956709957,0.8120035304501324
0.26,0.01,459,193,3,141,0.7039877300613497,0.9935064935064936,0.8240574506283663
0.26,0.02,453,185,9,149,0.7100313479623824,0.9805194805194806,0.8236363636363636
0.26,0.03,448,169,14,165,0.7260940032414911,0.9696969696969697,0.8303985171455052
0.26,0.04,445,157,17,177,0.739202657807309,0.9632034632034632,0.8364661654135338
0.26,0.05,438,143,24,191,0.7538726333907056,0.948051948051948,0.8398849472674976
0.26,0.06,433,134,29,200,0.763668430335097,0.9372294372294372,0.8415937803692906
0.26,0.07,429,125,33,209,0.7743682310469314,0.9285714285714286,0.8444881889763779
0.26,0.08,424,114,38,220,0.7881040892193308,0.9177489177489178,0.8480000000000001
0.26,0.09,418,108,44,226,0.7946768060836502,0.9047619047619048,0.8461538461538461
0.26,0.1,406,106,56,228,0.79296875,0.8787878787878788,0.8336755646817249
0.26,0.11,395,90,67,244,0.8144329896907216,0.854978354978355,0.8342133051742344
0.26,0.12,377,83,85,251,0.8195652173913044,0.816017316017316,0.8177874186550977
0.26,0.13,361,78,101,256,0.8223234624145785,0.7813852813852814,0.8013318534961154
0.26,0.14,344,70,118,264,0.8309178743961353,0.7445887445887446,0.7853881278538813
0.26,0.15,325,55,137,279,0.8552631578947368,0.7034632034632035,0.7719714964370546
0.26,0.16,309,52,153,282,0.8559556786703602,0.6688311688311688,0.7509113001215068
0.26,0.17,285,40,177,294,0.8769230769230769,0.6168831168831169,0.7242693773824651
0.26,0.18,260,34,202,300,0.8843537414965986,0.5627705627705628,0.6878306878306879
0.26,0.19,242,28,220,306,0.8962962962962963,0.5238095238095238,0.6612021857923497
0.26,0.2,217,28,245,306,0.8857142857142857,0.4696969696969697,0.6138613861386139
0.26,0.21,201,26,261,308,0.8854625550660793,0.43506493506493504,0.5834542815674891
0.26,0.22,188,26,274,308,0.8785046728971962,0.4069264069264069,0.5562130177514792
0.26,0.23,172,22,290,312,0.8865979381443299,0.3722943722943723,0.5243902439024389
0.26,0.24,167,17,295,317,0.907608695652174,0.36147186147186144,0.5170278637770898
0.26,0.25,151,13,311,321,0.9207317073170732,0.3268398268398268,0.48242811501597443
0.27,0.0,460,211,2,123,0.6855439642324889,0.9956709956709957,0.8120035304501324
0.27,0.01,459,193,3,141,0.7039877300613497,0.9935064935064936,0.8240574506283663
0.27,0.02,453,185,9,149,0.7100313479623824,0.9805194805194806,0.8236363636363636
0.27,0.03,448,169,14,165,0.7260940032414911,0.9696969696969697,0.8303985171455052
0.27,0.04,445,157,17,177,0.739202657807309,0.9632034632034632,0.8364661654135338
0.27,0.05,438,143,24,191,0.7538726333907056,0.948051948051948,0.8398849472674976
0.27,0.06,433,134,29,200,0.763668430335097,0.9372294372294372,0.8415937803692906
0.27,0.07,429,125,33,209,0.7743682310469314,0.9285714285714286,0.8444881889763779
0.27,0.08,424,114,38,220,0.7881040892193308,0.9177489177489178,0.8480000000000001
0.27,0.09,418,108,44,226,0.7946768060836502,0.9047619047619048,0.8461538461538461
0.27,0.1,406,106,56,228,0.79296875,0.8787878787878788,0.8336755646817249
0.27,0.11,395,90,67,244,0.8144329896907216,0.854978354978355,0.8342133051742344
0.27,0.12,377,83,85,251,0.8195652173913044,0.816017316017316,0.8177874186550977
0.27,0.13,361,78,101,256,0.8223234624145785,0.7813852813852814,0.8013318534961154
0.27,0.14,344,70,118,264,0.8309178743961353,0.7445887445887446,0.7853881278538813
0.27,0.15,325,55,137,279,0.8552631578947368,0.7034632034632035,0.7719714964370546
0.27,0.16,309,52,153,282,0.8559556786703602,0.6688311688311688,0.7509113001215068
0.27,0.17,285,40,177,294,0.8769230769230769,0.6168831168831169,0.7242693773824651
0.27,0.18,260,34,202,300,0.8843537414965986,0.5627705627705628,0.6878306878306879
0.27,0.19,242,28,220,306,0.8962962962962963,0.5238095238095238,0.6612021857923497
0.27,0.2,217,28,245,306,0.8857142857142857,0.4696969696969697,0.6138613861386139
0.27,0.21,201,26,261,308,0.8854625550660793,0.43506493506493504,0.5834542815674891
0.27,0.22,188,26,274,308,0.8785046728971962,0.4069264069264069,0.5562130177514792
0.27,0.23,172,22,290,312,0.8865979381443299,0.3722943722943723,0.5243902439024389
0.27,0.24,167,17,295,317,0.907608695652174,0.36147186147186144,0.5170278637770898
0.27,0.25,151,13,311,321,0.9207317073170732,0.3268398268398268,0.48242811501597443
0.28,0.0,460,211,2,123,0.6855439642324889,0.9956709956709957,0.8120035304501324
0.28,0.01,459,193,3,141,0.7039877300613497,0.9935064935064936,0.8240574506283663
0.28,0.02,453,185,9,149,0.7100313479623824,0.9805194805194806,0.8236363636363636
0.28,0.03,448,169,14,165,0.7260940032414911,0.9696969696969697,0.8303985171455052
0.28,0.04,445,157,17,177,0.739202657807309,0.9632034632034632,0.8364661654135338
0.28,0.05,438,143,24,191,0.7538726333907056,0.948051948051948,0.8398849472674976
0.28,0.06,433,134,29,200,0.763668430335097,0.9372294372294372,0.8415937803692906
0.28,0.07,429,125,33,209,0.7743682310469314,0.9285714285714286,0.8444881889763779
0.28,0.08,424,114,38,220,0.7881040892193308,0.9177489177489178,0.8480000000000001
0.28,0.09,418,108,44,226,0.7946768060836502,0.9047619047619048,0.8461538461538461
0.28,0.1,406,106,56,228,0.79296875,0.8787878787878788,0.8336755646817249
0.28,0.11,395,90,67,244,0.8144329896907216,0.854978354978355,0.8342133051742344
0.28,0.12,377,83,85,251,0.8195652173913044,0.816017316017316,0.8177874186550977
0.28,0.13,361,78,101,256,0.8223234624145785,0.7813852813852814,0.8013318534961154
0.28,0.14,344,70,118,264,0.8309178743961353,0.7445887445887446,0.7853881278538813
0.28,0.15,325,55,137,279,0.8552631578947368,0.7034632034632035,0.7719714964370546
0.28,0.16,309,52,153,282,0.8559556786703602,0.6688311688311688,0.7509113001215068
0.28,0.17,285,40,177,294,0.8769230769230769,0.6168831168831169,0.7242693773824651
0.28,0.18,260,34,202,300,0.8843537414965986,0.5627705627705628,0.6878306878306879
0.28,0.19,242,28,220,306,0.8962962962962963,0.5238095238095238,0.6612021857923497
0.28,0.2,217,28,245,306,0.8857142857142857,0.4696969696969697,0.6138613861386139
0.28,0.21,201,26,261,308,0.8854625550660793,0.43506493506493504,0.5834542815674891
0.28,0.22,188,26,274,308,0.8785046728971962,0.4069264069264069,0.5562130177514792
0.28,0.23,172,22,290,312,0.8865979381443299,0.3722943722943723,0.5243902439024389
0.28,0.24,167,17,295,317,0.907608695652174,0.36147186147186144,0.5170278637770898
0.28,0.25,151,13,311,321,0.9207317073170732,0.3268398268398268,0.48242811501597443
0.29,0.0,460,211,2,123,0.6855439642324889,0.9956709956709957,0.8120035304501324
0.29,0.01,459,193,3,141,0.7039877300613497,0.9935064935064936,0.8240574506283663
0.29,0.02,453,185,9,149,0.7100313479623824,0.9805194805194806,0.8236363636363636
0.29,0.03,448,169,14,165,0.7260940032414911,0.9696969696969697,0.8303985171455052
0.29,0.04,445,157,17,177,0.739202657807309,0.9632034632034632,0.8364661654135338
0.29,0.05,438,143,24,191,0.7538726333907056,0.948051948051948,0.8398849472674976
0.29,0.06,433,134,29,200,0.763668430335097,0.9372294372294372,0.8415937803692906
0.29,0.07,429,125,33,209,0.7743682310469314,0.9285714285714286,0.8444881889763779
0.29,0.08,424,114,38,220,0.7881040892193308,0.9177489177489178,0.8480000000000001
0.29,0.09,418,108,44,226,0.7946768060836502,0.9047619047619048,0.8461538461538461
0.29,0.1,406,106,56,228,0.79296875,0.8787878787878788,0.8336755646817249
0.29,0.11,395,90,67,244,0.8144329896907216,0.854978354978355,0.8342133051742344
0.29,0.12,377,83,85,251,0.8195652173913044,0.816017316017316,0.8177874186550977
0.29,0.13,361,78,101,256,0.8223234624145785,0.7813852813852814,0.8013318534961154
0.29,0.14,344,70,118,264,0.8309178743961353,0.7445887445887446,0.7853881278538813
0.29,0.15,325,55,137,279,0.8552631578947368,0.7034632034632035,0.7719714964370546
0.29,0.16,309,52,153,282,0.8559556786703602,0.6688311688311688,0.7509113001215068
0.29,0.17,285,40,177,294,0.8769230769230769,0.6168831168831169,0.7242693773824651
0.29,0.18,260,34,202,300,0.8843537414965986,0.5627705627705628,0.6878306878306879
0.29,0.19,242,28,220,306,0.8962962962962963,0.5238095238095238,0.6612021857923497
0.29,0.2,217,28,245,306,0.8857142857142857,0.4696969696969697,0.6138613861386139
0.29,0.21,201,26,261,308,0.8854625550660793,0.43506493506493504,0.5834542815674891
0.29,0.22,188,26,274,308,0.8785046728971962,0.4069264069264069,0.5562130177514792
0.29,0.23,172,22,290,312,0.8865979381443299,0.3722943722943723,0.5243902439024389
0.29,0.24,167,17,295,317,0.907608695652174,0.36147186147186144,0.5170278637770898
0.29,0.25,151,13,311,321,0.9207317073170732,0.3268398268398268,0.48242811501597443
0.3,0.0,460,211,2,123,0.6855439642324889,0.9956709956709957,0.8120035304501324
0.3,0.01,459,193,3,141,0.7039877300613497,0.9935064935064936,0.8240574506283663
0.3,0.02,453,185,9,149,0.7100313479623824,0.9805194805194806,0.8236363636363636
0.3,0.03,448,169,14,165,0.7260940032414911,0.9696969696969697,0.8303985171455052
0.3,0.04,445,157,17,177,0.739202657807309,0.9632034632034632,0.8364661654135338
0.3,0.05,438,143,24,191,0.7538726333907056,0.948051948051948,0.8398849472674976
0.3,0.06,433,134,29,200,0.763668430335097,0.9372294372294372,0.8415937803692906
0.3,0.07,429,125,33,209,0.7743682310469314,0.9285714285714286,0.8444881889763779
0.3,0.08,424,114,38,220,0.7881040892193308,0.9177489177489178,0.8480000000000001
0.3,0.09,418,108,44,226,0.7946768060836502,0.9047619047619048,0.8461538461538461
0.3,0.1,406,106,56,228,0.79296875,0.8787878787878788,0.8336755646817249
0.3,0.11,395,90,67,244,0.8144329896907216,0.854978354978355,0.8342133051742344
0.3,0.12,377,83,85,251,0.8195652173913044,0.816017316017316,0.8177874186550977
0.3,0.13,361,78,101,256,0.8223234624145785,0.7813852813852814,0.8013318534961154
0.3,0.14,344,70,118,264,0.8309178743961353,0.7445887445887446,0.7853881278538813
0.3,0.15,325,55,137,279,0.8552631578947368,0.7034632034632035,0.7719714964370546
0.3,0.16,309,52,153,282,0.8559556786703602,0.6688311688311688,0.7509113001215068
0.3,0.17,285,40,177,294,0.8769230769230769,0.6168831168831169,0.7242693773824651
0.3,0.18,260,34,202,300,0.8843537414965986,0.5627705627705628,0.6878306878306879
0.3,0.19,242,28,220,306,0.8962962962962963,0.5238095238095238,0.6612021857923497
0.3,0.2,217,28,245,306,0.8857142857142857,0.4696969696969697,0.6138613861386139
0.3,0.21,201,26,261,308,0.8854625550660793,0.43506493506493504,0.5834542815674891
0.3,0.22,188,26,274,308,0.8785046728971962,0.4069264069264069,0.5562130177514792
0.3,0.23,172,22,290,312,0.8865979381443299,0.3722943722943723,0.5243902439024389
0.3,0.24,167,17,295,317,0.907608695652174,0.36147186147186144,0.5170278637770898
0.3,0.25,151,13,311,321,0.9207317073170732,0.3268398268398268,0.48242811501597443
0.31,0.0,460,211,2,123,0.6855439642324889,0.9956709956709957,0.8120035304501324
0.31,0.01,459,193,3,141,0.7039877300613497,0.9935064935064936,0.8240574506283663
0.31,0.02,453,185,9,149,0.7100313479623824,0.9805194805194806,0.8236363636363636
0.31,0.03,448,169,14,165,0.7260940032414911,0.9696969696969697,0.8303985171455052
0.31,0.04,445,157,17,177,0.739202657807309,0.9632034632034632,0.8364661654135338
0.31,0.05,438,143,24,191,0.7538726333907056,0.948051948051948,0.8398849472674976
0.31,0.06,433,134,29,200,0.763668430335097,0.9372294372294372,0.8415937803692906
0.31,0.07,429,125,33,209,0.7743682310469314,0.9285714285714286,0.8444881889763779
0.31,0.08,424,114,38,220,0.7881040892193308,0.9177489177489178,0.8480000000000001
0.31,0.09,418,108,44,226,0.7946768060836502,0.9047619047619048,0.8461538461538461
0.31,0.1,406,106,56,228,0.79296875,0.8787878787878788,0.8336755646817249
0.31,0.11,395,90,67,244,0.8144329896907216,0.854978354978355,0.8342133051742344
0.31,0.12,377,83,85,251,0.8195652173913044,0.816017316017316,0.8177874186550977
0.31,0.13,361,78,101,256,0.8223234624145785,0.7813852813852814,0.8013318534961154
0.31,0.14,344,70,118,264,0.8309178743961353,0.7445887445887446,0.7853881278538813
0.31,0.15,325,55,137,279,0.8552631578947368,0.7034632034632035,0.7719714964370546
0.31,0.16,309,52,153,282,0.8559556786703602,0.6688311688311688,0.7509113001215068
0.31,0.17,285,40,177,294,0.8769230769230769,0.6168831168831169,0.7242693773824651
0.31,0.18,260,34,202,300,0.8843537414965986,0.5627705627705628,0.6878306878306879
0.31,0.19,242,28,220,306,0.8962962962962963,0.5238095238095238,0.6612021857923497
0.31,0.2,217,28,245,306,0.8857142857142857,0.4696969696969697,0.6138613861386139
0.31,0.21,201,26,261,308,0.8854625550660793,0.43506493506493504,0.5834542815674891
0.31,0.22,188,26,274,308,0.8785046728971962,0.4069264069264069,0.5562130177514792
0.31,0.23,172,22,290,312,0.8865979381443299,0.3722943722943723,0.5243902439024389
0.31,0.24,167,17,295,317,0.907608695652174,0.36147186147186144,0.5170278637770898
0.31,0.25,151,13,311,321,0.9207317073170732,0.3268398268398268,0.48242811501597443
0.32,0.0,460,211,2,123,0.6855439642324889,0.9956709956709957,0.8120035304501324
0.32,0.01,459,193,3,141,0.7039877300613497,0.9935064935064936,0.8240574506283663
0.32,0.02,453,185,9,149,0.7100313479623824,0.9805194805194806,0.8236363636363636
0.32,0.03,448,169,14,165,0.7260940032414911,0.9696969696969697,0.8303985171455052
0.32,0.04,445,157,17,177,0.739202657807309,0.9632034632034632,0.8364661654135338
0.32,0.05,438,143,24,191,0.7538726333907056,0.948051948051948,0.8398849472674976
0.32,0.06,433,134,29,200,0.763668430335097,0.9372294372294372,0.8415937803692906
0.32,0.07,429,125,33,209,0.7743682310469314,0.9285714285714286,0.8444881889763779
0.32,0.08,424,114,38,220,0.7881040892193308,0.9177489177489178,0.8480000000000001
0.32,0.09,418,108,44,226,0.7946768060836502,0.9047619047619048,0.8461538461538461
0.32,0.1,406,106,56,228,0.79296875,0.8787878787878788,0.8336755646817249
0.32,0.11,395,90,67,244,0.8144329896907216,0.854978354978355,0.8342133051742344
0.32,0.12,377,83,85,251,0.8195652173913044,0.816017316017316,0.8177874186550977
0.32,0.13,361,78,101,256,0.8223234624145785,0.7813852813852814,0.8013318534961154
0.32,0.14,344,70,118,264,0.8309178743961353,0.7445887445887446,0.7853881278538813
0.32,0.15,325,55,137,279,0.8552631578947368,0.7034632034632035,0.7719714964370546
0.32,0.16,309,52,153,282,0.8559556786703602,0.6688311688311688,0.7509113001215068
0.32,0.17,285,40,177,294,0.8769230769230769,0.6168831168831169,0.7242693773824651
0.32,0.18,260,34,202,300,0.8843537414965986,0.5627705627705628,0.6878306878306879
0.32,0.19,242,28,220,306,0.8962962962962963,0.5238095238095238,0.6612021857923497
0.32,0.2,217,28,245,306,0.8857142857142857,0.4696969696969697,0.6138613861386139
0.32,0.21,201,26,261,308,0.8854625550660793,0.43506493506493504,0.5834542815674891
0.32,0.22,188,26,274,308,0.8785046728971962,0.4069264069264069,0.5562130177514792
0.32,0.23,172,22,290,312,0.8865979381443299,0.3722943722943723,0.5243902439024389
0.32,0.24,167,17,295,317,0.907608695652174,0.36147186147186144,0.5170278637770898
0.32,0.25,151,13,311,321,0.9207317073170732,0.3268398268398268,0.48242811501597443
0.33,0.0,460,211,2,123,0.6855439642324889,0.9956709956709957,0.8120035304501324
0.33,0.01,459,193,3,141,0.7039877300613497,0.9935064935064936,0.8240574506283663
0.33,0.02,453,185,9,149,0.7100313479623824,0.9805194805194806,0.8236363636363636
0.33,0.03,448,169,14,165,0.7260940032414911,0.9696969696969697,0.8303985171455052
0.33,0.04,445,157,17,177,0.739202657807309,0.9632034632034632,0.8364661654135338
0.33,0.05,438,143,24,191,0.7538726333907056,0.948051948051948,0.8398849472674976
0.33,0.06,433,134,29,200,0.763668430335097,0.9372294372294372,0.8415937803692906
0.33,0.07,429,125,33,209,0.7743682310469314,0.9285714285714286,0.8444881889763779
0.33,0.08,424,114,38,220,0.7881040892193308,0.9177489177489178,0.8480000000000001
0.33,0.09,418,108,44,226,0.7946768060836502,0.9047619047619048,0.8461538461538461
0.33,0.1,406,106,56,228,0.79296875,0.8787878787878788,0.8336755646817249
0.33,0.11,395,90,67,244,0.8144329896907216,0.854978354978355,0.8342133051742344
0.33,0.12,377,83,85,251,0.8195652173913044,0.816017316017316,0.8177874186550977
0.33,0.13,361,78,101,256,0.8223234624145785,0.7813852813852814,0.8013318534961154
0.33,0.14,344,70,118,264,0.8309178743961353,0.7445887445887446,0.7853881278538813
0.33,0.15,325,55,137,279,0.8552631578947368,0.7034632034632035,0.7719714964370546
0.33,0.16,309,52,153,282,0.8559556786703602,0.6688311688311688,0.7509113001215068
0.33,0.17,285,40,177,294,0.8769230769230769,0.6168831168831169,0.7242693773824651
0.33,0.18,260,34,202,300,0.8843537414965986,0.5627705627705628,0.6878306878306879
0.33,0.19,242,28,220,306,0.8962962962962963,0.5238095238095238,0.6612021857923497
0.33,0.2,217,28,245,306,0.8857142857142857,0.4696969696969697,0.6138613861386139
0.33,0.21,201,26,261,308,0.8854625550660793,0.43506493506493504,0.5834542815674891
0.33,0.22,188,26,274,308,0.8785046728971962,0.4069264069264069,0.5562130177514792
0.33,0.23,172,22,290,312,0.8865979381443299,0.3722943722943723,0.5243902439024389
0.33,0.24,167,17,295,317,0.907608695652174,0.36147186147186144,0.5170278637770898
0.33,0.25,151,13,311,321,0.9207317073170732,0.3268398268398268,0.48242811501597443
0.34,0.0,460,211,2,123,0.6855439642324889,0.9956709956709957,0.8120035304501324
0.34,0.01,459,193,3,141,0.7039877300613497,0.9935064935064936,0.8240574506283663
0.34,0.02,453,185,9,149,0.7100313479623824,0.9805194805194806,0.8236363636363636
0.34,0.03,448,169,14,165,0.7260940032414911,0.9696969696969697,0.8303985171455052
0.34,0.04,445,157,17,177,0.739202657807309,0.9632034632034632,0.8364661654135338
0.34,0.05,438,143,24,191,0.7538726333907056,0.948051948051948,0.8398849472674976
0.34,0.06,433,134,29,200,0.763668430335097,0.9372294372294372,0.8415937803692906
0.34,0.07,429,125,33,209,0.7743682310469314,0.9285714285714286,0.8444881889763779
0.34,0.08,424,114,38,220,0.7881040892193308,0.9177489177489178,0.8480000000000001
0.34,0.09,418,108,44,226,0.7946768060836502,0.9047619047619048,0.8461538461538461
0.34,0.1,406,106,56,228,0.79296875,0.8787878787878788,0.8336755646817249
0.34,0.11,395,90,67,244,0.8144329896907216,0.854978354978355,0.8342133051742344
0.34,0.12,377,83,85,251,0.8195652173913044,0.816017316017316,0.8177874186550977
0.34,0.13,361,78,101,256,0.8223234624145785,0.7813852813852814,0.8013318534961154
0.34,0.14,344,70,118,264,0.8309178743961353,0.7445887445887446,0.7853881278538813
0.34,0.15,325,55,137,279,0.8552631578947368,0.7034632034632035,0.7719714964370546
0.34,0.16,309,52,153,282,0.8559556786703602,0.6688311688311688,0.7509113001215068
0.34,0.17,285,40,177,294,0.8769230769230769,0.6168831168831169,0.7242693773824651
0.34,0.18,260,34,202,300,0.8843537414965986,0.5627705627705628,0.6878306878306879
0.34,0.19,242,28,220,306,0.8962962962962963,0.5238095238095238,0.6612021857923497
0.34,0.2,217,28,245,306,0.8857142857142857,0.4696969696969697,0.6138613861386139
0.34,0.21,201,26,261,308,0.8854625550660793,0.43506493506493504,0.5834542815674891
0.34,0.22,188,26,274,308,0.8785046728971962,0.4069264069264069,0.5562130177514792
0.34,0.23,172,22,290,312,0.8865979381443299,0.3722943722943723,0.5243902439024389
0.34,0.24,167,17,295,317,0.907608695652174,0.36147186147186144,0.5170278637770898
0.34,0.25,151,13,311,321,0.9207317073170732,0.3268398268398268,0.48242811501597443
0.35,0.0,460,211,2,123,0.6855439642324889,0.9956709956709957,0.8120035304501324
0.35,0.01,459,193,3,141,0.7039877300613497,0.9935064935064936,0.8240574506283663
0.35,0.02,453,185,9,149,0.7100313479623824,0.9805194805194806,0.8236363636363636
0.35,0.03,448,169,14,165,0.7260940032414911,0.9696969696969697,0.8303985171455052
0.35,0.04,445,157,17,177,0.739202657807309,0.9632034632034632,0.8364661654135338
0.35,0.05,438,143,24,191,0.7538726333907056,0.948051948051948,0.8398849472674976
0.35,0.06,433,134,29,200,0.763668430335097,0.9372294372294372,0.8415937803692906
0.35,0.07,429,125,33,209,0.7743682310469314,0.9285714285714286,0.8444881889763779
0.35,0.08,424,114,38,220,0.7881040892193308,0.9177489177489178,0.8480000000000001
0.35,0.09,418,108,44,226,0.7946768060836502,0.9047619047619048,0.8461538461538461
0.35,0.1,406,106,56,228,0.79296875,0.8787878787878788,0.8336755646817249
0.35,0.11,395,90,67,244,0.8144329896907216,0.854978354978355,0.8342133051742344
0.35,0.12,377,83,85,251,0.8195652173913044,0.816017316017316,0.8177874186550977
0.35,0.13,361,78,101,256,0.8223234624145785,0.7813852813852814,0.8013318534961154
0.35,0.14,344,70,118,264,0.8309178743961353,0.7445887445887446,0.7853881278538813
0.35,0.15,325,55,137,279,0.8552631578947368,0.7034632034632035,0.7719714964370546
0.35,0.16,309,52,153,282,0.8559556786703602,0.6688311688311688,0.7509113001215068
0.35,0.17,285,40,177,294,0.8769230769230769,0.6168831168831169,0.7242693773824651
0.35,0.18,260,34,202,300,0.8843537414965986,0.5627705627705628,0.6878306878306879
0.35,0.19,242,28,220,306,0.8962962962962963,0.5238095238095238,0.6612021857923497
0.35,0.2,217,28,245,306,0.8857142857142857,0.4696969696969697,0.6138613861386139
0.35,0.21,201,26,261,308,0.8854625550660793,0.43506493506493504,0.5834542815674891
0.35,0.22,188,26,274,308,0.8785046728971962,0.4069264069264069,0.5562130177514792
0.35,0.23,172,22,290,312,0.8865979381443299,0.3722943722943723,0.5243902439024389
0.35,0.24,167,17,295,317,0.907608695652174,0.36147186147186144,0.5170278637770898
0.35,0.25,151,13,311,321,0.9207317073170732,0.3268398268398268,0.48242811501597443
0.36,0.0,460,211,2,123,0.6855439642324889,0.9956709956709957,0.8120035304501324
0.36,0.01,459,193,3,141,0.7039877300613497,0.9935064935064936,0.8240574506283663
0.36,0.02,453,185,9,149,0.7100313479623824,0.9805194805194806,0.8236363636363636
0.36,0.03,448,169,14,165,0.7260940032414911,0.9696969696969697,0.8303985171455052
0.36,0.04,445,157,17,177,0.739202657807309,0.9632034632034632,0.8364661654135338
0.36,0.05,438,143,24,191,0.7538726333907056,0.948051948051948,0.8398849472674976
0.36,0.06,433,134,29,200,0.763668430335097,0.9372294372294372,0.8415937803692906
0.36,0.07,429,125,33,209,0.7743682310469314,0.9285714285714286,0.8444881889763779
0.36,0.08,424,114,38,220,0.7881040892193308,0.9177489177489178,0.8480000000000001
0.36,0.09,418,108,44,226,0.7946768060836502,0.9047619047619048,0.8461538461538461
0.36,0.1,406,106,56,228,0.79296875,0.8787878787878788,0.8336755646817249
0.36,0.11,395,90,67,244,0.8144329896907216,0.854978354978355,0.8342133051742344
0.36,0.12,377,83,85,251,0.8195652173913044,0.816017316017316,0.8177874186550977
0.36,0.13,361,78,101,256,0.8223234624145785,0.7813852813852814,0.8013318534961154
0.36,0.14,344,70,118,264,0.8309178743961353,0.7445887445887446,0.7853881278538813
0.36,0.15,325,55,137,279,0.8552631578947368,0.7034632034632035,0.7719714964370546
0.36,0.16,309,52,153,282,0.8559556786703602,0.6688311688311688,0.7509113001215068
0.36,0.17,285,40,177,294,0.8769230769230769,0.6168831168831169,0.7242693773824651
0.36,0.18,260,34,202,300,0.8843537414965986,0.5627705627705628,0.6878306878306879
0.36,0.19,242,28,220,306,0.8962962962962963,0.5238095238095238,0.6612021857923497
0.36,0.2,217,28,245,306,0.8857142857142857,0.4696969696969697,0.6138613861386139
0.36,0.21,201,26,261,308,0.8854625550660793,0.43506493506493504,0.5834542815674891
0.36,0.22,188,26,274,308,0.8785046728971962,0.4069264069264069,0.5562130177514792
0.36,0.23,172,22,290,312,0.8865979381443299,0.3722943722943723,0.5243902439024389
0.36,0.24,167,17,295,317,0.907608695652174,0.36147186147186144,0.5170278637770898
0.36,0.25,151,13,311,321,0.9207317073170732,0.3268398268398268,0.48242811501597443
0.37,0.0,460,211,2,123,0.6855439642324889,0.9956709956709957,0.8120035304501324
0.37,0.01,459,193,3,141,0.7039877300613497,0.9935064935064936,0.8240574506283663
0.37,0.02,453,185,9,149,0.7100313479623824,0.9805194805194806,0.8236363636363636
0.37,0.03,448,169,14,165,0.7260940032414911,0.9696969696969697,0.8303985171455052
0.37,0.04,445,157,17,177,0.739202657807309,0.9632034632034632,0.8364661654135338
0.37,0.05,438,143,24,191,0.7538726333907056,0.948051948051948,0.8398849472674976
0.37,0.06,433,134,29,200,0.763668430335097,0.9372294372294372,0.8415937803692906
0.37,0.07,429,125,33,209,0.7743682310469314,0.9285714285714286,0.8444881889763779
0.37,0.08,424,114,38,220,0.7881040892193308,0.9177489177489178,0.8480000000000001
0.37,0.09,418,108,44,226,0.7946768060836502,0.9047619047619048,0.8461538461538461
0.37,0.1,406,106,56,228,0.79296875,0.8787878787878788,0.8336755646817249
0.37,0.11,395,90,67,244,0.8144329896907216,0.854978354978355,0.8342133051742344
0.37,0.12,377,83,85,251,0.8195652173913044,0.816017316017316,0.8177874186550977
0.37,0.13,361,78,101,256,0.8223234624145785,0.7813852813852814,0.8013318534961154
0.37,0.14,344,70,118,264,0.8309178743961353,0.7445887445887446,0.7853881278538813
0.37,0.15,325,55,137,279,0.8552631578947368,0.7034632034632035,0.7719714964370546
0.37,0.16,309,52,153,282,0.8559556786703602,0.6688311688311688,0.7509113001215068
0.37,0.17,285,40,177,294,0.8769230769230769,0.6168831168831169,0.7242693773824651
0.37,0.18,260,34,202,300,0.8843537414965986,0.5627705627705628,0.6878306878306879
0.37,0.19,242,28,220,306,0.8962962962962963,0.5238095238095238,0.6612021857923497
0.37,0.2,217,28,245,306,0.8857142857142857,0.4696969696969697,0.6138613861386139
0.37,0.21,201,26,261,308,0.8854625550660793,0.43506493506493504,0.5834542815674891
0.37,0.22,188,26,274,308,0.8785046728971962,0.4069264069264069,0.5562130177514792
0.37,0.23,172,22,290,312,0.8865979381443299,0.3722943722943723,0.5243902439024389
0.37,0.24,167,17,295,317,0.907608695652174,0.36147186147186144,0.5170278637770898
0.37,0.25,151,13,311,321,0.9207317073170732,0.3268398268398268,0.48242811501597443
0.38,0.0,460,211,2,123,0.6855439642324889,0.9956709956709957,0.8120035304501324
0.38,0.01,459,193,3,141,0.7039877300613497,0.9935064935064936,0.8240574506283663
0.38,0.02,453,185,9,149,0.7100313479623824,0.9805194805194806,0.8236363636363636
0.38,0.03,448,169,14,165,0.7260940032414911,0.9696969696969697,0.8303985171455052
0.38,0.04,445,157,17,177,0.739202657807309,0.9632034632034632,0.8364661654135338
0.38,0.05,438,143,24,191,0.7538726333907056,0.948051948051948,0.8398849472674976
0.38,0.06,433,134,29,200,0.763668430335097,0.9372294372294372,0.8415937803692906
0.38,0.07,429,125,33,209,0.7743682310469314,0.9285714285714286,0.8444881889763779
0.38,0.08,424,114,38,220,0.7881040892193308,0.9177489177489178,0.8480000000000001
0.38,0.09,418,108,44,226,0.7946768060836502,0.9047619047619048,0.8461538461538461
0.38,0.1,406,106,56,228,0.79296875,0.8787878787878788,0.8336755646817249
0.38,0.11,395,90,67,244,0.8144329896907216,0.854978354978355,0.8342133051742344
0.38,0.12,377,83,85,251,0.8195652173913044,0.816017316017316,0.8177874186550977
0.38,0.13,361,78,101,256,0.8223234624145785,0.7813852813852814,0.8013318534961154
0.38,0.14,344,70,118,264,0.8309178743961353,0.7445887445887446,0.7853881278538813
0.38,0.15,325,55,137,279,0.8552631578947368,0.7034632034632035,0.7719714964370546
0.38,0.16,309,52,153,282,0.8559556786703602,0.6688311688311688,0.7509113001215068
0.38,0.17,285,40,177,294,0.8769230769230769,0.6168831168831169,0.7242693773824651
0.38,0.18,260,34,202,300,0.8843537414965986,0.5627705627705628,0.6878306878306879
0.38,0.19,242,28,220,306,0.8962962962962963,0.5238095238095238,0.6612021857923497
0.38,0.2,217,28,245,306,0.8857142857142857,0.4696969696969697,0.6138613861386139
0.38,0.21,201,26,261,308,0.8854625550660793,0.43506493506493504,0.5834542815674891
0.38,0.22,188,26,274,308,0.8785046728971962,0.4069264069264069,0.5562130177514792
0.38,0.23,172,22,290,312,0.8865979381443299,0.3722943722943723,0.5243902439024389
0.38,0.24,167,17,295,317,0.907608695652174,0.36147186147186144,0.5170278637770898
0.38,0.25,151,13,311,321,0.9207317073170732,0.3268398268398268,0.48242811501597443
0.39,0.0,460,210,2,124,0.6865671641791045,0.9956709956709957,0.8127208480565371
0.39,0.01,459,192,3,142,0.7050691244239631,0.9935064935064936,0.8247978436657682
0.39,0.02,453,184,9,150,0.7111459968602826,0.9805194805194806,0.8243858052775249
0.39,0.03,448,169,14,165,0.7260940032414911,0.9696969696969697,0.8303985171455052
0.39,0.04,445,157,17,177,0.739202657807309,0.9632034632034632,0.8364661654135338
0.39,0.05,438,143,24,191,0.7538726333907056,0.948051948051948,0.8398849472674976
0.39,0.06,433,134,29,200,0.763668430335097,0.9372294372294372,0.8415937803692906
0.39,0.07,429,125,33,209,0.7743682310469314,0.9285714285714286,0.8444881889763779
0.39,0.08,424,114,38,220,0.7881040892193308,0.9177489177489178,0.8480000000000001
0.39,0.09,418,108,44,226,0.7946768060836502,0.9047619047619048,0.8461538461538461
0.39,0.1,406,106,56,228,0.79296875,0.8787878787878788,0.8336755646817249
0.39,0.11,395,90,67,244,0.8144329896907216,0.854978354978355,0.8342133051742344
0.39,0.12,377,83,85,251,0.8195652173913044,0.816017316017316,0.8177874186550977
0.39,0.13,361,78,101,256,0.8223234624145785,0.7813852813852814,0.8013318534961154
0.39,0.14,344,70,118,264,0.8309178743961353,0.7445887445887446,0.7853881278538813
0.39,0.15,325,55,137,279,0.8552631578947368,0.7034632034632035,0.7719714964370546
0.39,0.16,309,52,153,282,0.8559556786703602,0.6688311688311688,0.7509113001215068
0.39,0.17,285,40,177,294,0.8769230769230769,0.6168831168831169,0.7242693773824651
0.39,0.18,260,34,202,300,0.8843537414965986,0.5627705627705628,0.6878306878306879
0.39,0.19,242,28,220,306,0.8962962962962963,0.5238095238095238,0.6612021857923497
0.39,0.2,217,28,245,306,0.8857142857142857,0.4696969696969697,0.6138613861386139
0.39,0.21,201,26,261,308,0.8854625550660793,0.43506493506493504,0.5834542815674891
0.39,0.22,188,26,274,308,0.8785046728971962,0.4069264069264069,0.5562130177514792
0.39,0.23,172,22,290,312,0.8865979381443299,0.3722943722943723,0.5243902439024389
0.39,0.24,167,17,295,317,0.907608695652174,0.36147186147186144,0.5170278637770898
0.39,0.25,151,13,311,321,0.9207317073170732,0.3268398268398268,0.48242811501597443
0.4,0.0,460,210,2,124,0.6865671641791045,0.9956709956709957,0.8127208480565371
0.4,0.01,459,192,3,142,0.7050691244239631,0.9935064935064936,0.8247978436657682
0.4,0.02,453,184,9,150,0.7111459968602826,0.9805194805194806,0.8243858052775249
0.4,0.03,448,169,14,165,0.7260940032414911,0.9696969696969697,0.8303985171455052
0.4,0.04,445,157,17,177,0.739202657807309,0.9632034632034632,0.8364661654135338
0.4,0.05,438,143,24,191,0.7538726333907056,0.948051948051948,0.8398849472674976
0.4,0.06,433,134,29,200,0.763668430335097,0.9372294372294372,0.8415937803692906
0.4,0.07,429,125,33,209,0.7743682310469314,0.9285714285714286,0.8444881889763779
0.4,0.08,424,114,38,220,0.7881040892193308,0.9177489177489178,0.8480000000000001
0.4,0.09,418,108,44,226,0.7946768060836502,0.9047619047619048,0.8461538461538461
0.4,0.1,406,106,56,228,0.79296875,0.8787878787878788,0.8336755646817249
0.4,0.11,395,90,67,244,0.8144329896907216,0.854978354978355,0.8342133051742344
0.4,0.12,377,83,85,251,0.8195652173913044,0.816017316017316,0.8177874186550977
0.4,0.13,361,78,101,256,0.8223234624145785,0.7813852813852814,0.8013318534961154
0.4,0.14,344,70,118,264,0.8309178743961353,0.7445887445887446,0.7853881278538813
0.4,0.15,325,55,137,279,0.8552631578947368,0.7034632034632035,0.7719714964370546
0.4,0.16,309,52,153,282,0.8559556786703602,0.6688311688311688,0.7509113001215068
0.4,0.17,285,40,177,294,0.8769230769230769,0.6168831168831169,0.7242693773824651
0.4,0.18,260,34,202,300,0.8843537414965986,0.5627705627705628,0.6878306878306879
0.4,0.19,242,28,220,306,0.8962962962962963,0.5238095238095238,0.6612021857923497
0.4,0.2,217,28,245,306,0.8857142857142857,0.4696969696969697,0.6138613861386139
0.4,0.21,201,26,261,308,0.8854625550660793,0.43506493506493504,0.5834542815674891
0.4,0.22,188,26,274,308,0.8785046728971962,0.4069264069264069,0.5562130177514792
0.4,0.23,172,22,290,312,0.8865979381443299,0.3722943722943723,0.5243902439024389
0.4,0.24,167,17,295,317,0.907608695652174,0.36147186147186144,0.5170278637770898
0.4,0.25,151,13,311,321,0.9207317073170732,0.3268398268398268,0.48242811501597443
0.41,0.0,460,207,2,127,0.6896551724137931,0.9956709956709957,0.8148804251550046
0.41,0.01,459,192,3,142,0.7050691244239631,0.9935064935064936,0.8247978436657682
0.41,0.02,453,184,9,150,0.7111459968602826,0.9805194805194806,0.8243858052775249
0.41,0.03,448,169,14,165,0.7260940032414911,0.9696969696969697,0.8303985171455052
0.41,0.04,445,157,17,177,0.739202657807309,0.9632034632034632,0.8364661654135338
0.41,0.05,438,143,24,191,0.7538726333907056,0.948051948051948,0.8398849472674976
0.41,0.06,433,134,29,200,0.763668430335097,0.9372294372294372,0.8415937803692906
0.41,0.07,429,125,33,209,0.7743682310469314,0.9285714285714286,0.8444881889763779
0.41,0.08,424,114,38,220,0.7881040892193308,0.9177489177489178,0.8480000000000001
0.41,0.09,418,108,44,226,0.7946768060836502,0.9047619047619048,0.8461538461538461
0.41,0.1,406,106,56,228,0.79296875,0.8787878787878788,0.8336755646817249
0.41,0.11,395,90,67,244,0.8144329896907216,0.854978354978355,0.8342133051742344
0.41,0.12,377,83,85,251,0.8195652173913044,0.816017316017316,0.8177874186550977
0.41,0.13,361,78,101,256,0.8223234624145785,0.7813852813852814,0.8013318534961154
0.41,0.14,344,70,118,264,0.8309178743961353,0.7445887445887446,0.7853881278538813
0.41,0.15,325,55,137,279,0.8552631578947368,0.7034632034632035,0.7719714964370546
0.41,0.16,309,52,153,282,0.8559556786703602,0.6688311688311688,0.7509113001215068
0.41,0.17,285,40,177,294,0.8769230769230769,0.6168831168831169,0.7242693773824651
0.41,0.18,260,34,202,300,0.8843537414965986,0.5627705627705628,0.6878306878306879
0.41,0.19,242,28,220,306,0.8962962962962963,0.5238095238095238,0.6612021857923497
0.41,0.2,217,28,245,306,0.8857142857142857,0.4696969696969697,0.6138613861386139
0.41,0.21,201,26,261,308,0.8854625550660793,0.43506493506493504,0.5834542815674891
0.41,0.22,188,26,274,308,0.8785046728971962,0.4069264069264069,0.5562130177514792
0.41,0.23,172,22,290,312,0.8865979381443299,0.3722943722943723,0.5243902439024389
0.41,0.24,167,17,295,317,0.907608695652174,0.36147186147186144,0.5170278637770898
0.41,0.25,151,13,311,321,0.9207317073170732,0.3268398268398268,0.48242811501597443
0.42,0.0,460,207,2,127,0.6896551724137931,0.9956709956709957,0.8148804251550046
0.42,0.01,459,192,3,142,0.7050691244239631,0.9935064935064936,0.8247978436657682
0.42,0.02,453,184,9,150,0.7111459968602826,0.9805194805194806,0.8243858052775249
0.42,0.03,448,169,14,165,0.7260940032414911,0.9696969696969697,0.8303985171455052
0.42,0.04,445,157,17,177,0.739202657807309,0.9632034632034632,0.8364661654135338
0.42,0.05,438,143,24,191,0.7538726333907056,0.948051948051948,0.8398849472674976
0.42,0.06,433,134,29,200,0.763668430335097,0.9372294372294372,0.8415937803692906
0.42,0.07,429,125,33,209,0.7743682310469314,0.9285714285714286,0.8444881889763779
0.42,0.08,424,114,38,220,0.7881040892193308,0.9177489177489178,0.8480000000000001
0.42,0.09,418,108,44,226,0.7946768060836502,0.9047619047619048,0.8461538461538461
0.42,0.1,406,106,56,228,0.79296875,0.8787878787878788,0.8336755646817249
0.42,0.11,395,90,67,244,0.8144329896907216,0.854978354978355,0.8342133051742344
0.42,0.12,377,83,85,251,0.8195652173913044,0.816017316017316,0.8177874186550977
0.42,0.13,361,78,101,256,0.8223234624145785,0.7813852813852814,0.8013318534961154
0.42,0.14,344,70,118,264,0.8309178743961353,0.7445887445887446,0.7853881278538813
0.42,0.15,325,55,137,279,0.8552631578947368,0.7034632034632035,0.7719714964370546
0.42,0.16,309,52,153,282,0.8559556786703602,0.6688311688311688,0.7509113001215068
0.42,0.17,285,40,177,294,0.8769230769230769,0.6168831168831169,0.7242693773824651
0.42,0.18,260,34,202,300,0.8843537414965986,0.5627705627705628,0.6878306878306879
0.42,0.19,242,28,220,306,0.8962962962962963,0.5238095238095238,0.6612021857923497
0.42,0.2,217,28,245,306,0.8857142857142857,0.4696969696969697,0.6138613861386139
0.42,0.21,201,26,261,308,0.8854625550660793,0.43506493506493504,0.5834542815674891
0.42,0.22,188,26,274,308,0.8785046728971962,0.4069264069264069,0.5562130177514792
0.42,0.23,172,22,290,312,0.8865979381443299,0.3722943722943723,0.5243902439024389
0.42,0.24,167,17,295,317,0.907608695652174,0.36147186147186144,0.5170278637770898
0.42,0.25,151,13,311,321,0.9207317073170732,0.3268398268398268,0.48242811501597443
0.43,0.0,460,204,2,130,0.6927710843373494,0.9956709956709957,0.8170515097690941
0.43,0.01,459,192,3,142,0.7050691244239631,0.9935064935064936,0.8247978436657682
0.43,0.02,453,184,9,150,0.7111459968602826,0.9805194805194806,0.8243858052775249
0.43,0.03,448,169,14,165,0.7260940032414911,0.9696969696969697,0.8303985171455052
0.43,0.04,445,157,17,177,0.739202657807309,0.9632034632034632,0.8364661654135338
0.43,0.05,438,143,24,191,0.7538726333907056,0.948051948051948,0.8398849472674976
0.43,0.06,433,134,29,200,0.763668430335097,0.9372294372294372,0.8415937803692906
0.43,0.07,429,125,33,209,0.7743682310469314,0.9285714285714286,0.8444881889763779
0.43,0.08,424,114,38,220,0.7881040892193308,0.9177489177489178,0.8480000000000001
0.43,0.09,418,108,44,226,0.7946768060836502,0.9047619047619048,0.8461538461538461
0.43,0.1,406,106,56,228,0.79296875,0.8787878787878788,0.8336755646817249
0.43,0.11,395,90,67,244,0.8144329896907216,0.854978354978355,0.8342133051742344
0.43,0.12,377,83,85,251,0.8195652173913044,0.816017316017316,0.8177874186550977
0.43,0.13,361,78,101,256,0.8223234624145785,0.7813852813852814,0.8013318534961154
0.43,0.14,344,70,118,264,0.8309178743961353,0.7445887445887446,0.7853881278538813
0.43,0.15,325,55,137,279,0.8552631578947368,0.7034632034632035,0.7719714964370546
0.43,0.16,309,52,153,282,0.8559556786703602,0.6688311688311688,0.7509113001215068
0.43,0.17,285,40,177,294,0.8769230769230769,0.6168831168831169,0.7242693773824651
0.43,0.18,260,34,202,300,0.8843537414965986,0.5627705627705628,0.6878306878306879
0.43,0.19,242,28,220,306,0.8962962962962963,0.5238095238095238,0.6612021857923497
0.43,0.2,217,28,245,306,0.8857142857142857,0.4696969696969697,0.6138613861386139
0.43,0.21,201,26,261,308,0.8854625550660793,0.43506493506493504,0.5834542815674891
0.43,0.22,188,26,274,308,0.8785046728971962,0.4069264069264069,0.5562130177514792
0.43,0.23,172,22,290,312,0.8865979381443299,0.3722943722943723,0.5243902439024389
0.43,0.24,167,17,295,317,0.907608695652174,0.36147186147186144,0.5170278637770898
0.43,0.25,151,13,311,321,0.9207317073170732,0.3268398268398268,0.48242811501597443
0.44,0.0,459,201,3,133,0.6954545454545454,0.9935064935064936,0.8181818181818182
0.44,0.01,458,192,4,142,0.7046153846153846,0.9913419913419913,0.8237410071942447
0.44,0.02,453,184,9,150,0.7111459968602826,0.9805194805194806,0.8243858052775249
0.44,0.03,448,169,14,165,0.7260940032414911,0.9696969696969697,0.8303985171455052
0.44,0.04,445,157,17,177,0.739202657807309,0.9632034632034632,0.8364661654135338
0.44,0.05,438,143,24,191,0.7538726333907056,0.948051948051948,0.8398849472674976
0.44,0.06,433,134,29,200,0.763668430335097,0.9372294372294372,0.8415937803692906
0.44,0.07,429,125,33,209,0.7743682310469314,0.9285714285714286,0.8444881889763779
0.44,0.08,424,114,38,220,0.7881040892193308,0.9177489177489178,0.8480000000000001
0.44,0.09,418,108,44,226,0.7946768060836502,0.9047619047619048,0.8461538461538461
0.44,0.1,406,106,56,228,0.79296875,0.8787878787878788,0.8336755646817249
0.44,0.11,395,90,67,244,0.8144329896907216,0.854978354978355,0.8342133051742344
0.44,0.12,377,83,85,251,0.8195652173913044,0.816017316017316,0.8177874186550977
0.44,0.13,361,78,101,256,0.8223234624145785,0.7813852813852814,0.8013318534961154
0.44,0.14,344,70,118,264,0.8309178743961353,0.7445887445887446,0.7853881278538813
0.44,0.15,325,55,137,279,0.8552631578947368,0.7034632034632035,0.7719714964370546
0.44,0.16,309,52,153,282,0.8559556786703602,0.6688311688311688,0.7509113001215068
0.44,0.17,285,40,177,294,0.8769230769230769,0.6168831168831169,0.7242693773824651
0.44,0.18,260,34,202,300,0.8843537414965986,0.5627705627705628,0.6878306878306879
0.44,0.19,242,28,220,306,0.8962962962962963,0.5238095238095238,0.6612021857923497
0.44,0.2,217,28,245,306,0.8857142857142857,0.4696969696969697,0.6138613861386139
0.44,0.21,201,26,261,308,0.8854625550660793,0.43506493506493504,0.5834542815674891
0.44,0.22,188,26,274,308,0.8785046728971962,0.4069264069264069,0.5562130177514792
0.44,0.23,172,22,290,312,0.8865979381443299,0.3722943722943723,0.5243902439024389
0.44,0.24,167,17,295,317,0.907608695652174,0.36147186147186144,0.5170278637770898
0.44,0.25,151,13,311,321,0.9207317073170732,0.3268398268398268,0.48242811501597443
0.45,0.0,457,197,5,137,0.6987767584097859,0.9891774891774892,0.8189964157706093
0.45,0.01,456,188,6,146,0.7080745341614907,0.987012987012987,0.8245931283905967
0.45,0.02,453,180,9,154,0.7156398104265402,0.9805194805194806,0.8273972602739725
0.45,0.03,448,167,14,167,0.7284552845528456,0.9696969696969697,0.8319405756731663
0.45,0.04,445,156,17,178,0.740432612312812,0.9632034632034632,0.8372530573847601
0.45,0.05,438,142,24,192,0.7551724137931034,0.948051948051948,0.8406909788867563
0.45,0.06,433,134,29,200,0.763668430335097,0.9372294372294372,0.8415937803692906
0.45,0.07,429,125,33,209,0.7743682310469314,0.9285714285714286,0.8444881889763779
0.45,0.08,424,114,38,220,0.7881040892193308,0.9177489177489178,0.8480000000000001
0.45,0.09,418,108,44,226,0.7946768060836502,0.9047619047619048,0.8461538461538461
0.45,0.1,406,106,56,228,0.79296875,0.8787878787878788,0.8336755646817249
0.45,0.11,395,90,67,244,0.8144329896907216,0.854978354978355,0.8342133051742344
0.45,0.12,377,83,85,251,0.8195652173913044,0.816017316017316,0.8177874186550977
0.45,0.13,361,78,101,256,0.8223234624145785,0.7813852813852814,0.8013318534961154
0.45,0.14,344,70,118,264,0.8309178743961353,0.7445887445887446,0.7853881278538813
0.45,0.15,325,55,137,279,0.8552631578947368,0.7034632034632035,0.7719714964370546
0.45,0.16,309,52,153,282,0.8559556786703602,0.6688311688311688,0.7509113001215068
0.45,0.17,285,40,177,294,0.8769230769230769,0.6168831168831169,0.7242693773824651
0.45,0.18,260,34,202,300,0.8843537414965986,0.5627705627705628,0.6878306878306879
0.45,0.19,242,28,220,306,0.8962962962962963,0.5238095238095238,0.6612021857923497
0.45,0.2,217,28,245,306,0.8857142857142857,0.4696969696969697,0.6138613861386139
0.45,0.21,201,26,261,308,0.8854625550660793,0.43506493506493504,0.5834542815674891
0.45,0.22,188,26,274,308,0.8785046728971962,0.4069264069264069,0.5562130177514792
0.45,0.23,172,22,290,312,0.8865979381443299,0.3722943722943723,0.5243902439024389
0.45,0.24,167,17,295,317,0.907608695652174,0.36147186147186144,0.5170278637770898
0.45,0.25,151,13,311,321,0.9207317073170732,0.3268398268398268,0.48242811501597443
0.46,0.0,457,194,5,140,0.7019969278033794,0.9891774891774892,0.821203953279425
0.46,0.01,456,185,6,149,0.7113884555382215,0.987012987012987,0.8268359020852221
0.46,0.02,453,178,9,156,0.7179080824088748,0.9805194805194806,0.8289112534309241
0.46,0.03,448,166,14,168,0.7296416938110749,0.9696969696969697,0.8327137546468403
0.46,0.04,445,156,17,178,0.740432612312812,0.9632034632034632,0.8372530573847601
0.46,0.05,438,142,24,192,0.7551724137931034,0.948051948051948,0.8406909788867563
0.46,0.06,433,134,29,200,0.763668430335097,0.9372294372294372,0.8415937803692906
0.46,0.07,429,125,33,209,0.7743682310469314,0.9285714285714286,0.8444881889763779
0.46,0.08,424,114,38,220,0.7881040892193308,0.9177489177489178,0.8480000000000001
0.46,0.09,418,108,44,226,0.7946768060836502,0.9047619047619048,0.8461538461538461
0.46,0.1,406,106,56,228,0.79296875,0.8787878787878788,0.8336755646817249
0.46,0.11,395,90,67,244,0.8144329896907216,0.854978354978355,0.8342133051742344
0.46,0.12,377,83,85,251,0.8195652173913044,0.816017316017316,0.8177874186550977
0.46,0.13,361,78,101,256,0.8223234624145785,0.7813852813852814,0.8013318534961154
0.46,0.14,344,70,118,264,0.8309178743961353,0.7445887445887446,0.7853881278538813
0.46,0.15,325,55,137,279,0.8552631578947368,0.7034632034632035,0.7719714964370546
0.46,0.16,309,52,153,282,0.8559556786703602,0.6688311688311688,0.7509113001215068
0.46,0.17,285,40,177,294,0.8769230769230769,0.6168831168831169,0.7242693773824651
0.46,0.18,260,34,202,300,0.8843537414965986,0.5627705627705628,0.6878306878306879
0.46,0.19,242,28,220,306,0.8962962962962963,0.5238095238095238,0.6612021857923497
0.46,0.2,217,28,245,306,0.8857142857142857,0.4696969696969697,0.6138613861386139
0.46,0.21,201,26,261,308,0.8854625550660793,0.43506493506493504,0.5834542815674891
0.46,0.22,188,26,274,308,0.8785046728971962,0.4069264069264069,0.5562130177514792
0.46,0.23,172,22,290,312,0.8865979381443299,0.3722943722943723,0.5243902439024389
0.46,0.24,167,17,295,317,0.907608695652174,0.36147186147186144,0.5170278637770898
0.46,0.25,151,13,311,321,0.9207317073170732,0.3268398268398268,0.48242811501597443
0.47,0.0,455,192,7,142,0.7032457496136012,0.9848484848484849,0.8205590622182145
0.47,0.01,454,183,8,151,0.7127158555729984,0.9826839826839827,0.8262056414922657
0.47,0.02,452,177,10,157,0.7186009538950715,0.9783549783549783,0.8285976168652612
0.47,0.03,448,165,14,169,0.7308319738988581,0.9696969696969697,0.8334883720930232
0.47,0.04,445,156,17,178,0.740432612312812,0.9632034632034632,0.8372530573847601
0.47,0.05,438,142,24,192,0.7551724137931034,0.948051948051948,0.8406909788867563
0.47,0.06,433,134,29,200,0.763668430335097,0.9372294372294372,0.8415937803692906
0.47,0.07,429,125,33,209,0.7743682310469314,0.9285714285714286,0.8444881889763779
0.47,0.08,424,114,38,220,0.7881040892193308,0.9177489177489178,0.8480000000000001
0.47,0.09,418,108,44,226,0.7946768060836502,0.9047619047619048,0.8461538461538461
0.47,0.1,406,106,56,228,0.79296875,0.8787878787878788,0.8336755646817249
0.47,0.11,395,90,67,244,0.8144329896907216,0.854978354978355,0.8342133051742344
0.47,0.12,377,83,85,251,0.8195652173913044,0.816017316017316,0.8177874186550977
0.47,0.13,361,78,101,256,0.8223234624145785,0.7813852813852814,0.8013318534961154
0.47,0.14,344,70,118,264,0.8309178743961353,0.7445887445887446,0.7853881278538813
0.47,0.15,325,55,137,279,0.8552631578947368,0.7034632034632035,0.7719714964370546
0.47,0.16,309,52,153,282,0.8559556786703602,0.6688311688311688,0.7509113001215068
0.47,0.17,285,40,177,294,0.8769230769230769,0.6168831168831169,0.7242693773824651
0.47,0.18,260,34,202,300,0.8843537414965986,0.5627705627705628,0.6878306878306879
0.47,0.19,242,28,220,306,0.8962962962962963,0.5238095238095238,0.6612021857923497
0.47,0.2,217,28,245,306,0.8857142857142857,0.4696969696969697,0.6138613861386139
0.47,0.21,201,26,261,308,0.8854625550660793,0.43506493506493504,0.5834542815674891
0.47,0.22,188,26,274,308,0.8785046728971962,0.4069264069264069,0.5562130177514792
0.47,0.23,172,22,290,312,0.8865979381443299,0.3722943722943723,0.5243902439024389
0.47,0.24,167,17,295,317,0.907608695652174,0.36147186147186144,0.5170278637770898
0.47,0.25,151,13,311,321,0.9207317073170732,0.3268398268398268,0.48242811501597443
0.48,0.0,455,191,7,143,0.7043343653250774,0.9848484848484849,0.8212996389891696
0.48,0.01,454,182,8,152,0.7138364779874213,0.9826839826839827,0.8269581056466302
0.48,0.02,452,176,10,158,0.7197452229299363,0.9783549783549783,0.8293577981651375
0.48,0.03,448,164,14,170,0.7320261437908496,0.9696969696969697,0.8342644320297952
0.48,0.04,445,155,17,179,0.7416666666666667,0.9632034632034632,0.8380414312617702
0.48,0.05,438,142,24,192,0.7551724137931034,0.948051948051948,0.8406909788867563
0.48,0.06,433,134,29,200,0.763668430335097,0.9372294372294372,0.8415937803692906
0.48,0.07,429,125,33,209,0.7743682310469314,0.9285714285714286,0.8444881889763779
0.48,0.08,424,114,38,220,0.7881040892193308,0.9177489177489178,0.8480000000000001
0.48,0.09,418,108,44,226,0.7946768060836502,0.9047619047619048,0.8461538461538461
0.48,0.1,406,106,56,228,0.79296875,0.8787878787878788,0.8336755646817249
0.48,0.11,395,90,67,244,0.8144329896907216,0.854978354978355,0.8342133051742344
0.48,0.12,377,83,85,251,0.8195652173913044,0.816017316017316,0.8177874186550977
0.48,0.13,361,78,101,256,0.8223234624145785,0.7813852813852814,0.8013318534961154
0.48,0.14,344,70,118,264,0.8309178743961353,0.7445887445887446,0.7853881278538813
0.48,0.15,325,55,137,279,0.8552631578947368,0.7034632034632035,0.7719714964370546
0.48,0.16,309,52,153,282,0.8559556786703602,0.6688311688311688,0.7509113001215068
0.48,0.17,285,40,177,294,0.8769230769230769,0.6168831168831169,0.7242693773824651
0.48,0.18,260,34,202,300,0.8843537414965986,0.5627705627705628,0.6878306878306879
0.48,0.19,242,28,220,306,0.8962962962962963,0.5238095238095238,0.6612021857923497
0.48,0.2,217,28,245,306,0.8857142857142857,0.4696969696969697,0.6138613861386139
0.48,0.21,201,26,261,308,0.8854625550660793,0.43506493506493504,0.5834542815674891
0.48,0.22,188,26,274,308,0.8785046728971962,0.4069264069264069,0.5562130177514792
0.48,0.23,172,22,290,312,0.8865979381443299,0.3722943722943723,0.5243902439024389
0.48,0.24,167,17,295,317,0.907608695652174,0.36147186147186144,0.5170278637770898
0.48,0.25,151,13,311,321,0.9207317073170732,0.3268398268398268,0.48242811501597443
0.49,0.0,455,184,7,150,0.7120500782472613,0.9848484848484849,0.826521344232516
0.49,0.01,454,176,8,158,0.7206349206349206,0.9826839826839827,0.8315018315018315
0.49,0.02,452,170,10,164,0.7266881028938906,0.9783549783549783,0.8339483394833948
0.49,0.03,448,159,14,175,0.7380560131795717,0.9696969696969697,0.8381665107577174
0.49,0.04,445,150,17,184,0.7478991596638656,0.9632034632034632,0.8420056764427626
0.49,0.05,438,141,24,193,0.7564766839378239,0.948051948051948,0.8414985590778098
0.49,0.06,433,133,29,201,0.765017667844523,0.9372294372294372,0.8424124513618677
0.49,0.07,429,124,33,210,0.7757685352622061,0.9285714285714286,0.845320197044335
0.49,0.08,424,113,38,221,0.7895716945996276,0.9177489177489178,0.8488488488488489
0.49,0.09,418,107,44,227,0.7961904761904762,0.9047619047619048,0.8470111448834854
0.49,0.1,406,105,56,229,0.7945205479452054,0.8787878787878788,0.8345323741007193
0.49,0.11,395,90,67,244,0.8144329896907216,0.854978354978355,0.8342133051742344
0.49,0.12,377,83,85,251,0.8195652173913044,0.816017316017316,0.8177874186550977
0.49,0.13,361,78,101,256,0.8223234624145785,0.7813852813852814,0.8013318534961154
0.49,0.14,344,70,118,264,0.8309178743961353,0.7445887445887446,0.7853881278538813
0.49,0.15,325,55,137,279,0.8552631578947368,0.7034632034632035,0.7719714964370546
0.49,0.16,309,52,153,282,0.8559556786703602,0.6688311688311688,0.7509113001215068
0.49,0.17,285,40,177,294,0.8769230769230769,0.6168831168831169,0.7242693773824651
0.49,0.18,260,34,202,300,0.8843537414965986,0.5627705627705628,0.6878306878306879
0.49,0.19,242,28,220,306,0.8962962962962963,0.5238095238095238,0.6612021857923497
0.49,0.2,217,28,245,306,0.8857142857142857,0.4696969696969697,0.6138613861386139
0.49,0.21,201,26,261,308,0.8854625550660793,0.43506493506493504,0.5834542815674891
0.49,0.22,188,26,274,308,0.8785046728971962,0.4069264069264069,0.5562130177514792
0.49,0.23,172,22,290,312,0.8865979381443299,0.3722943722943723,0.5243902439024389
0.49,0.24,167,17,295,317,0.907608695652174,0.36147186147186144,0.5170278637770898
0.49,0.25,151,13,311,321,0.9207317073170732,0.3268398268398268,0.48242811501597443
0.5,0.0,453,181,9,153,0.7145110410094637,0.9805194805194806,0.8266423357664233
0.5,0.01,452,173,10,161,0.7232,0.9783549783549783,0.8316467341306347
0.5,0.02,450,167,12,167,0.7293354943273906,0.974025974025974,0.8341056533827619
0.5,0.03,446,157,16,177,0.7396351575456053,0.9653679653679653,0.8375586854460094
0.5,0.04,444,149,18,185,0.7487352445193929,0.961038961038961,0.8417061611374408
0.5,0.05,437,140,25,194,0.75736568457539,0.9458874458874459,0.8411934552454283
0.5,0.06,433,132,29,202,0.7663716814159292,0.9372294372294372,0.8432327166504381
0.5,0.07,429,123,33,211,0.7771739130434783,0.9285714285714286,0.8461538461538461
0.5,0.08,424,112,38,222,0.7910447761194029,0.9177489177489178,0.8496993987975953
0.5,0.09,418,106,44,228,0.7977099236641222,0.9047619047619048,0.847870182555781
0.5,0.1,406,105,56,229,0.7945205479452054,0.8787878787878788,0.8345323741007193
0.5,0.11,395,90,67,244,0.8144329896907216,0.854978354978355,0.8342133051742344
0.5,0.12,377,83,85,251,0.8195652173913044,0.816017316017316,0.8177874186550977
0.5,0.13,361,78,101,256,0.8223234624145785,0.7813852813852814,0.8013318534961154
0.5,0.14,344,70,118,264,0.8309178743961353,0.7445887445887446,0.7853881278538813
0.5,0.15,325,55,137,279,0.8552631578947368,0.7034632034632035,0.7719714964370546
0.5,0.16,309,52,153,282,0.8559556786703602,0.6688311688311688,0.7509113001215068
0.5,0.17,285,40,177,294,0.8769230769230769,0.6168831168831169,0.7242693773824651
0.5,0.18,260,34,202,300,0.8843537414965986,0.5627705627705628,0.6878306878306879
0.5,0.19,242,28,220,306,0.8962962962962963,0.5238095238095238,0.6612021857923497
0.5,0.2,217,28,245,306,0.8857142857142857,0.4696969696969697,0.6138613861386139
0.5,0.21,201,26,261,308,0.8854625550660793,0.43506493506493504,0.5834542815674891
0.5,0.22,188,26,274,308,0.8785046728971962,0.4069264069264069,0.5562130177514792
0.5,0.23,172,22,290,312,0.8865979381443299,0.3722943722943723,0.5243902439024389
0.5,0.24,167,17,295,317,0.907608695652174,0.36147186147186144,0.5170278637770898
0.5,0.25,151,13,311,321,0.9207317073170732,0.3268398268398268,0.48242811501597443
0.51,0.0,453,176,9,158,0.7201907790143084,0.9805194805194806,0.8304307974335472
0.51,0.01,452,169,10,165,0.7278582930756844,0.9783549783549783,0.8347183748845798
0.51,0.02,450,163,12,171,0.734094616639478,0.974025974025974,0.8372093023255813
0.51,0.03,446,153,16,181,0.7445742904841403,0.9653679653679653,0.8407163053722904
0.51,0.04,444,145,18,189,0.7538200339558574,0.961038961038961,0.8449096098953377
0.51,0.05,437,136,25,198,0.7626527050610821,0.9458874458874459,0.8444444444444443
0.51,0.06,433,128,29,206,0.7718360071301248,0.9372294372294372,0.8465298142717499
0.51,0.07,429,119,33,215,0.7828467153284672,0.9285714285714286,0.8495049504950496
0.51,0.08,424,109,38,225,0.7954971857410882,0.9177489177489178,0.8522613065326633
0.51,0.09,418,104,44,230,0.8007662835249042,0.9047619047619048,0.8495934959349593
0.51,0.1,406,103,56,231,0.7976424361493124,0.8787878787878788,0.8362512873326468
0.51,0.11,395,90,67,244,0.8144329896907216,0.854978354978355,0.8342133051742344
0.51,0.12,377,83,85,251,0.8195652173913044,0.816017316017316,0.8177874186550977
0.51,0.13,361,78,101,256,0.8223234624145785,0.7813852813852814,0.8013318534961154
0.51,0.14,344,70,118,264,0.8309178743961353,0.7445887445887446,0.7853881278538813
0.51,0.15,325,55,137,279,0.8552631578947368,0.7034632034632035,0.7719714964370546
0.51,0.16,309,52,153,282,0.8559556786703602,0.6688311688311688,0.7509113001215068
0.51,0.17,285,40,177,294,0.8769230769230769,0.6168831168831169,0.7242693773824651
0.51,0.18,260,34,202,300,0.8843537414965986,0.5627705627705628,0.6878306878306879
0.51,0.19,242,28,220,306,0.8962962962962963,0.5238095238095238,0.6612021857923497
0.51,0.2,217,28,245,306,0.8857142857142857,0.4696969696969697,0.6138613861386139
0.51,0.21,201,26,261,308,0.8854625550660793,0.43506493506493504,0.5834542815674891
0.51,0.22,188,26,274,308,0.8785046728971962,0.4069264069264069,0.5562130177514792
0.51,0.23,172,22,290,312,0.8865979381443299,0.3722943722943723,0.5243902439024389
0.51,0.24,167,17,295,317,0.907608695652174,0.36147186147186144,0.5170278637770898
0.51,0.25,151,13,311,321,0.9207317073170732,0.3268398268398268,0.48242811501597443
0.52,0.0,453,168,9,166,0.7294685990338164,0.9805194805194806,0.8365650969529086
0.52,0.01,452,163,10,171,0.734959349593496,0.9783549783549783,0.8393686165273909
0.52,0.02,450,159,12,175,0.7389162561576355,0.974025974025974,0.8403361344537815
0.52,0.03,446,150,16,184,0.7483221476510067,0.9653679653679653,0.8431001890359167
0.52,0.04,444,142,18,192,0.757679180887372,0.961038961038961,0.8473282442748091
0.52,0.05,437,134,25,200,0.7653239929947461,0.9458874458874459,0.846079380445305
0.52,0.06,433,126,29,208,0.774597495527728,0.9372294372294372,0.8481880509304603
0.52,0.07,429,119,33,215,0.7828467153284672,0.9285714285714286,0.8495049504950496
0.52,0.08,424,109,38,225,0.7954971857410882,0.9177489177489178,0.8522613065326633
0.52,0.09,418,104,44,230,0.8007662835249042,0.9047619047619048,0.8495934959349593
0.52,0.1,406,103,56,231,0.7976424361493124,0.8787878787878788,0.8362512873326468
0.52,0.11,395,90,67,244,0.8144329896907216,0.854978354978355,0.8342133051742344
0.52,0.12,377,83,85,251,0.8195652173913044,0.816017316017316,0.8177874186550977
0.52,0.13,361,78,101,256,0.8223234624145785,0.7813852813852814,0.8013318534961154
0.52,0.14,344,70,118,264,0.8309178743961353,0.7445887445887446,0.7853881278538813
0.52,0.15,325,55,137,279,0.8552631578947368,0.7034632034632035,0.7719714964370546
0.52,0.16,309,52,153,282,0.8559556786703602,0.6688311688311688,0.7509113001215068
0.52,0.17,285,40,177,294,0.8769230769230769,0.6168831168831169,0.7242693773824651
0.52,0.18,260,34,202,300,0.8843537414965986,0.5627705627705628,0.6878306878306879
0.52,0.19,242,28,220,306,0.8962962962962963,0.5238095238095238,0.6612021857923497
0.52,0.2,217,28,245,306,0.8857142857142857,0.4696969696969697,0.6138613861386139
0.52,0.21,201,26,261,308,0.8854625550660793,0.43506493506493504,0.5834542815674891
0.52,0.22,188,26,274,308,0.8785046728971962,0.4069264069264069,0.5562130177514792
0.52,0.23,172,22,290,312,0.8865979381443299,0.3722943722943723,0.5243902439024389
0.52,0.24,167,17,295,317,0.907608695652174,0.36147186147186144,0.5170278637770898
0.52,0.25,151,13,311,321,0.9207317073170732,0.3268398268398268,0.48242811501597443
0.53,0.0,452,163,10,171,0.734959349593496,0.9783549783549783,0.8393686165273909
0.53,0.01,451,158,11,176,0.7405582922824302,0.9761904761904762,0.8422035480859009
0.53,0.02,449,154,13,180,0.7446102819237148,0.9718614718614719,0.8431924882629108
0.53,0.03,446,149,16,185,0.7495798319327731,0.9653679653679653,0.8438978240302744
0.53,0.04,444,141,18,193,0.7589743589743589,0.961038961038961,0.8481375358166189
0.53,0.05,437,133,25,201,0.7666666666666667,0.9458874458874459,0.8468992248062016
0.53,0.06,433,125,29,209,0.7759856630824373,0.9372294372294372,0.8490196078431372
0.53,0.07,429,118,33,216,0.7842778793418648,0.9285714285714286,0.850346878097126
0.53,0.08,424,109,38,225,0.7954971857410882,0.9177489177489178,0.8522613065326633
0.53,0.09,418,104,44,230,0.8007662835249042,0.9047619047619048,0.8495934959349593
0.53,0.1,406,103,56,231,0.7976424361493124,0.8787878787878788,0.8362512873326468
0.53,0.11,395,90,67,244,0.8144329896907216,0.854978354978355,0.8342133051742344
0.53,0.12,377,83,85,251,0.8195652173913044,0.816017316017316,0.8177874186550977
0.53,0.13,361,78,101,256,0.8223234624145785,0.7813852813852814,0.8013318534961154
0.53,0.14,344,70,118,264,0.8309178743961353,0.7445887445887446,0.7853881278538813
0.53,0.15,325,55,137,279,0.8552631578947368,0.7034632034632035,0.7719714964370546
0.53,0.16,309,52,153,282,0.8559556786703602,0.6688311688311688,0.7509113001215068
0.53,0.17,285,40,177,294,0.8769230769230769,0.6168831168831169,0.7242693773824651
0.53,0.18,260,34,202,300,0.8843537414965986,0.5627705627705628,0.6878306878306879
0.53,0.19,242,28,220,306,0.8962962962962963,0.5238095238095238,0.6612021857923497
0.53,0.2,217,28,245,306,0.8857142857142857,0.4696969696969697,0.6138613861386139
0.53,0.21,201,26,261,308,0.8854625550660793,0.43506493506493504,0.5834542815674891
0.53,0.22,188,26,274,308,0.8785046728971962,0.4069264069264069,0.5562130177514792
0.53,0.23,172,22,290,312,0.8865979381443299,0.3722943722943723,0.5243902439024389
0.53,0.24,167,17,295,317,0.907608695652174,0.36147186147186144,0.5170278637770898
0.53,0.25,151,13,311,321,0.9207317073170732,0.3268398268398268,0.48242811501597443
0.54,0.0,448,155,14,179,0.7429519071310116,0.9696969696969697,0.8413145539906103
0.54,0.01,447,150,15,184,0.7487437185929648,0.9675324675324676,0.8441926345609065
0.54,0.02,446,146,16,188,0.7533783783783784,0.9653679653679653,0.8462998102466793
0.54,0.03,444,142,18,192,0.757679180887372,0.961038961038961,0.8473282442748091
0.54,0.04,442,134,20,200,0.7673611111111112,0.9567099567099567,0.8516377649325626
0.54,0.05,435,126,27,208,0.7754010695187166,0.9415584415584416,0.8504398826979472
0.54,0.06,431,122,31,212,0.779385171790235,0.9329004329004329,0.8492610837438423
0.54,0.07,427,115,35,219,0.7878228782287823,0.9242424242424242,0.850597609561753
0.54,0.08,422,106,40,228,0.7992424242424242,0.9134199134199135,0.8525252525252526
0.54,0.09,416,101,46,233,0.804642166344294,0.9004329004329005,0.8498467824310522
0.54,0.1,404,100,58,234,0.8015873015873016,0.8744588744588745,0.8364389233954451
0.54,0.11,393,90,69,244,0.8136645962732919,0.8506493506493507,0.8317460317460318
0.54,0.12,375,83,87,251,0.8187772925764192,0.8116883116883117,0.8152173913043479
0.54,0.13,361,78,101,256,0.8223234624145785,0.7813852813852814,0.8013318534961154
0.54,0.14,344,70,118,264,0.8309178743961353,0.7445887445887446,0.7853881278538813
0.54,0.15,325,55,137,279,0.8552631578947368,0.7034632034632035,0.7719714964370546
0.54,0.16,309,52,153,282,0.8559556786703602,0.6688311688311688,0.7509113001215068
0.54,0.17,285,40,177,294,0.8769230769230769,0.6168831168831169,0.7242693773824651
0.54,0.18,260,34,202,300,0.8843537414965986,0.5627705627705628,0.6878306878306879
0.54,0.19,242,28,220,306,0.8962962962962963,0.5238095238095238,0.6612021857923497
0.54,0.2,217,28,245,306,0.8857142857142857,0.4696969696969697,0.6138613861386139
0.54,0.21,201,26,261,308,0.8854625550660793,0.43506493506493504,0.5834542815674891
0.54,0.22,188,26,274,308,0.8785046728971962,0.4069264069264069,0.5562130177514792
0.54,0.23,172,22,290,312,0.8865979381443299,0.3722943722943723,0.5243902439024389
0.54,0.24,167,17,295,317,0.907608695652174,0.36147186147186144,0.5170278637770898
0.54,0.25,151,13,311,321,0.9207317073170732,0.3268398268398268,0.48242811501597443
0.55,0.0,445,144,17,190,0.7555178268251274,0.9632034632034632,0.8468125594671742
0.55,0.01,445,141,17,193,0.7593856655290102,0.9632034632034632,0.849236641221374
0.55,0.02,444,139,18,195,0.7615780445969125,0.961038961038961,0.8497607655502392
0.55,0.03,442,135,20,199,0.7660311958405546,0.9567099567099567,0.8508180943214628
0.55,0.04,440,132,22,202,0.7692307692307693,0.9523809523809523,0.8510638297872339
0.55,0.05,433,124,29,210,0.77737881508079,0.9372294372294372,0.8498527968596664
0.55,0.06,431,120,31,214,0.7822141560798548,0.9329004329004329,0.8509378084896347
0.55,0.07,427,113,35,221,0.7907407407407407,0.9242424242424242,0.8522954091816366
0.55,0.08,422,104,40,230,0.8022813688212928,0.9134199134199135,0.8542510121457491
0.55,0.09,416,101,46,233,0.804642166344294,0.9004329004329005,0.8498467824310522
0.55,0.1,404,100,58,234,0.8015873015873016,0.8744588744588745,0.8364389233954451
0.55,0.11,393,90,69,244,0.8136645962732919,0.8506493506493507,0.8317460317460318
0.55,0.12,375,83,87,251,0.8187772925764192,0.8116883116883117,0.8152173913043479
0.55,0.13,361,78,101,256,0.8223234624145785,0.7813852813852814,0.8013318534961154
0.55,0.14,344,70,118,264,0.8309178743961353,0.7445887445887446,0.7853881278538813
0.55,0.15,325,55,137,279,0.8552631578947368,0.7034632034632035,0.7719714964370546
0.55,0.16,309,52,153,282,0.8559556786703602,0.6688311688311688,0.7509113001215068
0.55,0.17,285,40,177,294,0.8769230769230769,0.6168831168831169,0.7242693773824651
0.55,0.18,260,34,202,300,0.8843537414965986,0.5627705627705628,0.6878306878306879
0.55,0.19,242,28,220,306,0.8962962962962963,0.5238095238095238,0.6612021857923497
0.55,0.2,217,28,245,306,0.8857142857142857,0.4696969696969697,0.6138613861386139
0.55,0.21,201,26,261,308,0.8854625550660793,0.43506493506493504,0.5834542815674891
0.55,0.22,188,26,274,308,0.8785046728971962,0.4069264069264069,0.5562130177514792
0.55,0.23,172,22,290,312,0.8865979381443299,0.3722943722943723,0.5243902439024389
0.55,0.24,167,17,295,317,0.907608695652174,0.36147186147186144,0.5170278637770898
0.55,0.25,151,13,311,321,0.9207317073170732,0.3268398268398268,0.48242811501597443
0.56,0.0,440,132,22,202,0.7692307692307693,0.9523809523809523,0.8510638297872339
0.56,0.01,440,129,22,205,0.773286467486819,0.9523809523809523,0.8535402521823472
0.56,0.02,439,128,23,206,0.7742504409171076,0.9502164502164502,0.8532555879494655
0.56,0.03,437,124,25,210,0.7789661319073083,0.9458874458874459,0.8543499511241446
0.56,0.04,436,121,26,213,0.7827648114901257,0.9437229437229437,0.8557409224730127
0.56,0.05,430,115,32,219,0.7889908256880734,0.9307359307359307,0.8540218470705064
0.56,0.06,428,111,34,223,0.7940630797773655,0.9264069264069265,0.8551448551448552
0.56,0.07,424,105,38,229,0.8015122873345936,0.9177489177489178,0.8557013118062562
0.56,0.08,419,99,43,235,0.8088803088803089,0.9069264069264069,0.8551020408163266
0.56,0.09,414,96,48,238,0.8117647058823529,0.8961038961038961,0.8518518518518517
0.56,0.1,402,95,60,239,0.8088531187122736,0.8701298701298701,0.8383733055265902
0.56,0.11,391,85,71,249,0.8214285714285714,0.8463203463203464,0.8336886993603412
0.56,0.12,373,78,89,256,0.8270509977827051,0.8073593073593074,0.8170865279299014
0.56,0.13,359,73,103,261,0.8310185185185185,0.7770562770562771,0.8031319910514542
0.56,0.14,342,65,120,269,0.8402948402948403,0.7402597402597403,0.7871116225546605
0.56,0.15,325,55,137,279,0.8552631578947368,0.7034632034632035,0.7719714964370546
0.56,0.16,309,52,153,282,0.8559556786703602,0.6688311688311688,0.7509113001215068
0.56,0.17,285,40,177,294,0.8769230769230769,0.6168831168831169,0.7242693773824651
0.56,0.18,260,34,202,300,0.8843537414965986,0.5627705627705628,0.6878306878306879
0.56,0.19,242,28,220,306,0.8962962962962963,0.5238095238095238,0.6612021857923497
0.56,0.2,217,28,245,306,0.8857142857142857,0.4696969696969697,0.6138613861386139
0.56,0.21,201,26,261,308,0.8854625550660793,0.43506493506493504,0.5834542815674891
0.56,0.22,188,26,274,308,0.8785046728971962,0.4069264069264069,0.5562130177514792
0.56,0.23,172,22,290,312,0.8865979381443299,0.3722943722943723,0.5243902439024389
0.56,0.24,167,17,295,317,0.907608695652174,0.36147186147186144,0.5170278637770898
0.56,0.25,151,13,311,321,0.9207317073170732,0.3268398268398268,0.48242811501597443
0.57,0.0,438,126,24,208,0.776595744680851,0.948051948051948,0.8538011695906432
0.57,0.01,438,125,24,209,0.7779751332149201,0.948051948051948,0.8546341463414634
0.57,0.02,438,124,24,210,0.7793594306049823,0.948051948051948,0.8554687500000001
0.57,0.03,436,120,26,214,0.7841726618705036,0.9437229437229437,0.856581532416503
0.57,0.04,435,117,27,217,0.7880434782608695,0.9415584415584416,0.8579881656804733
0.57,0.05,429,112,33,222,0.7929759704251387,0.9285714285714286,0.8554336989032901
0.57,0.06,427,108,35,226,0.7981308411214953,0.9242424242424242,0.8565697091273822
0.57,0.07,423,102,39,232,0.8057142857142857,0.9155844155844156,0.8571428571428572
0.57,0.08,418,97,44,237,0.8116504854368932,0.9047619047619048,0.8556806550665302
0.57,0.09,413,94,49,240,0.814595660749507,0.8939393939393939,0.8524251805985552
0.57,0.1,401,93,61,241,0.8117408906882592,0.8679653679653679,0.8389121338912133
0.57,0.11,390,84,72,250,0.8227848101265823,0.8441558441558441,0.8333333333333334
0.57,0.12,372,77,90,257,0.8285077951002228,0.8051948051948052,0.8166849615806806
0.57,0.13,358,73,104,261,0.8306264501160093,0.7748917748917749,0.8017917133258678
0.57,0.14,342,65,120,269,0.8402948402948403,0.7402597402597403,0.7871116225546605
0.57,0.15,325,55,137,279,0.8552631578947368,0.7034632034632035,0.7719714964370546
0.57,0.16,309,52,153,282,0.8559556786703602,0.6688311688311688,0.7509113001215068
0.57,0.17,285,40,177,294,0.8769230769230769,0.6168831168831169,0.7242693773824651
0.57,0.18,260,34,202,300,0.8843537414965986,0.5627705627705628,0.6878306878306879
0.57,0.19,242,28,220,306,0.8962962962962963,0.5238095238095238,0.6612021857923497
0.57,0.2,217,28,245,306,0.8857142857142857,0.4696969696969697,0.6138613861386139
0.57,0.21,201,26,261,308,0.8854625550660793,0.43506493506493504,0.5834542815674891
0.57,0.22,188,26,274,308,0.8785046728971962,0.4069264069264069,0.5562130177514792
0.57,0.23,172,22,290,312,0.8865979381443299,0.3722943722943723,0.5243902439024389
0.57,0.24,167,17,295,317,0.907608695652174,0.36147186147186144,0.5170278637770898
0.57,0.25,151,13,311,321,0.9207317073170732,0.3268398268398268,0.48242811501597443
0.58,0.0,434,109,28,225,0.7992633517495396,0.9393939393939394,0.863681592039801
0.58,0.01,434,108,28,226,0.8007380073800738,0.9393939393939394,0.8645418326693228
0.58,0.02,434,107,28,227,0.8022181146025879,0.9393939393939394,0.8654037886340978
0.58,0.03,432,103,30,231,0.8074766355140187,0.935064935064935,0.8665997993981946
0.58,0.04,431,101,31,233,0.8101503759398496,0.9329004329004329,0.8672032193158954
0.58,0.05,425,96,37,238,0.8157389635316699,0.9199134199134199,0.8646998982706001
0.58,0.06,423,92,39,242,0.8213592233009709,0.9155844155844156,0.8659160696008189
0.58,0.07,419,87,43,247,0.8280632411067194,0.9069264069264069,0.8657024793388429
0.58,0.08,414,83,48,251,0.8329979879275654,0.8961038961038961,0.8633993743482794
0.58,0.09,409,80,53,254,0.83640081799591,0.8852813852813853,0.8601472134595163
0.58,0.1,398,79,64,255,0.8343815513626834,0.8614718614718615,0.8477103301384452
0.58,0.11,387,76,75,258,0.8358531317494601,0.8376623376623377,0.8367567567567568
0.58,0.12,369,70,93,264,0.8405466970387244,0.7987012987012987,0.8190899001109878
0.58,0.13,357,66,105,268,0.8439716312056738,0.7727272727272727,0.8067796610169492
0.58,0.14,341,58,121,276,0.8546365914786967,0.7380952380952381,0.792102206736353
0.58,0.15,324,48,138,286,0.8709677419354839,0.7012987012987013,0.7769784172661871
0.58,0.16,308,45,154,289,0.8725212464589235,0.6666666666666666,0.7558282208588956
0.58,0.17,285,39,177,295,0.8796296296296297,0.6168831168831169,0.7251908396946566
0.58,0.18,260,33,202,301,0.8873720136518771,0.5627705627705628,0.6887417218543046
0.58,0.19,242,28,220,306,0.8962962962962963,0.5238095238095238,0.6612021857923497
0.58,0.2,217,28,245,306,0.8857142857142857,0.4696969696969697,0.6138613861386139
0.58,0.21,201,26,261,308,0.8854625550660793,0.43506493506493504,0.5834542815674891
0.58,0.22,188,26,274,308,0.8785046728971962,0.4069264069264069,0.5562130177514792
0.58,0.23,172,22,290,312,0.8865979381443299,0.3722943722943723,0.5243902439024389
0.58,0.24,167,17,295,317,0.907608695652174,0.36147186147186144,0.5170278637770898
0.58,0.25,151,13,311,321,0.9207317073170732,0.3268398268398268,0.48242811501597443
0.59,0.0,424,94,38,240,0.8185328185328186,0.9177489177489178,0.8653061224489795
0.59,0.01,424,93,38,241,0.8201160541586073,0.9177489177489178,0.8661899897854953
0.59,0.02,424,92,38,242,0.8217054263565892,0.9177489177489178,0.8670756646216768
0.59,0.03,422,88,40,246,0.8274509803921568,0.9134199134199135,0.868312757201646
0.59,0.04,421,86,41,248,0.8303747534516766,0.9112554112554112,0.868937048503612
0.59,0.05,415,81,47,253,0.8366935483870968,0.8982683982683982,0.8663883089770354
0.59,0.06,414,79,48,255,0.8397565922920892,0.8961038961038961,0.8670157068062828
0.59,0.07,410,76,52,258,0.8436213991769548,0.8874458874458875,0.8649789029535866
0.59,0.08,407,72,55,262,0.8496868475991649,0.8809523809523809,0.8650371944739639
0.59,0.09,403,70,59,264,0.8520084566596194,0.8722943722943723,0.8620320855614972
0.59,0.1,393,69,69,265,0.8506493506493507,0.8506493506493507,0.8506493506493505
0.59,0.11,384,67,78,267,0.8514412416851441,0.8311688311688312,0.8411829134720702
0.59,0.12,367,64,95,270,0.851508120649652,0.7943722943722944,0.8219484882418814
0.59,0.13,355,61,107,273,0.8533653846153846,0.7683982683982684,0.8086560364464692
0.59,0.14,341,58,121,276,0.8546365914786967,0.7380952380952381,0.792102206736353
0.59,0.15,324,48,138,286,0.8709677419354839,0.7012987012987013,0.7769784172661871
0.59,0.16,308,45,154,289,0.8725212464589235,0.6666666666666666,0.7558282208588956
0.59,0.17,285,39,177,295,0.8796296296296297,0.6168831168831169,0.7251908396946566
0.59,0.18,260,33,202,301,0.8873720136518771,0.5627705627705628,0.6887417218543046
0.59,0.19,242,28,220,306,0.8962962962962963,0.5238095238095238,0.6612021857923497
0.59,0.2,217,28,245,306,0.8857142857142857,0.4696969696969697,0.6138613861386139
0.59,0.21,201,26,261,308,0.8854625550660793,0.43506493506493504,0.5834542815674891
0.59,0.22,188,26,274,308,0.8785046728971962,0.4069264069264069,0.5562130177514792
0.59,0.23,172,22,290,312,0.8865979381443299,0.3722943722943723,0.5243902439024389
0.59,0.24,167,17,295,317,0.907608695652174,0.36147186147186144,0.5170278637770898
0.59,0.25,151,13,311,321,0.9207317073170732,0.3268398268398268,0.48242811501597443
0.6,0.0,416,87,46,247,0.827037773359841,0.9004329004329005,0.8621761658031089
0.6,0.01,416,87,46,247,0.827037773359841,0.9004329004329005,0.8621761658031089
0.6,0.02,416,86,46,248,0.8286852589641435,0.9004329004329005,0.8630705394190871
0.6,0.03,414,82,48,252,0.8346774193548387,0.8961038961038961,0.8643006263048016
0.6,0.04,413,80,49,254,0.8377281947261663,0.8939393939393939,0.8649214659685864
0.6,0.05,408,77,54,257,0.8412371134020619,0.8831168831168831,0.8616684266103485
0.6,0.06,407,75,55,259,0.8443983402489627,0.8809523809523809,0.8622881355932204
0.6,0.07,403,73,59,261,0.8466386554621849,0.8722943722943723,0.8592750533049041
0.6,0.08,400,69,62,265,0.8528784648187633,0.8658008658008658,0.8592910848549946
0.6,0.09,397,67,65,267,0.8556034482758621,0.8593073593073594,0.857451403887689
0.6,0.1,387,66,75,268,0.8543046357615894,0.8376623376623377,0.8459016393442623
0.6,0.11,378,64,84,270,0.8552036199095022,0.8181818181818182,0.8362831858407079
0.6,0.12,362,62,100,272,0.8537735849056604,0.7835497835497836,0.817155756207675
0.6,0.13,351,59,111,275,0.8560975609756097,0.7597402597402597,0.805045871559633
0.6,0.14,338,56,124,278,0.8578680203045685,0.7316017316017316,0.7897196261682243
0.6,0.15,323,46,139,288,0.8753387533875339,0.6991341991341992,0.7773766546329722
0.6,0.16,307,43,155,291,0.8771428571428571,0.6645021645021645,0.7561576354679803
0.6,0.17,284,37,178,297,0.8847352024922118,0.6147186147186147,0.7254150702426564
0.6,0.18,260,32,202,302,0.8904109589041096,0.5627705627705628,0.6896551724137931
0.6,0.19,242,27,220,307,0.8996282527881041,0.5238095238095238,0.6621067031463749
0.6,0.2,217,27,245,307,0.889344262295082,0.4696969696969697,0.6147308781869689
0.6,0.21,201,25,261,309,0.8893805309734514,0.43506493506493504,0.5843023255813954
0.6,0.22,188,25,274,309,0.8826291079812206,0.4069264069264069,0.557037037037037
0.6,0.23,172,21,290,313,0.8911917098445595,0.3722943722943723,0.5251908396946565
0.6,0.24,167,17,295,317,0.907608695652174,0.36147186147186144,0.5170278637770898
0.6,0.25,151,13,311,321,0.9207317073170732,0.3268398268398268,0.48242811501597443
0.61,0.0,407,79,55,255,0.8374485596707819,0.8809523809523809,0.8586497890295359
0.61,0.01,407,79,55,255,0.8374485596707819,0.8809523809523809,0.8586497890295359
0.61,0.02,407,78,55,256,0.8391752577319588,0.8809523809523809,0.8595564941921858
0.61,0.03,405,75,57,259,0.84375,0.8766233766233766,0.8598726114649682
0.61,0.04,405,74,57,260,0.8455114822546973,0.8766233766233766,0.8607863974495218
0.61,0.05,400,71,62,263,0.8492569002123143,0.8658008658008658,0.857449088960343
0.61,0.06,399,69,63,265,0.8525641025641025,0.8636363636363636,0.8580645161290322
0.61,0.07,395,67,67,267,0.854978354978355,0.854978354978355,0.854978354978355
0.61,0.08,392,65,70,269,0.8577680525164114,0.8484848484848485,0.8531011969532101
0.61,0.09,389,63,73,271,0.8606194690265486,0.841991341991342,0.8512035010940919
0.61,0.1,380,63,82,271,0.8577878103837472,0.8225108225108225,0.839779005524862
0.61,0.11,373,61,89,273,0.8594470046082949,0.8073593073593074,0.8325892857142858
0.61,0.12,360,59,102,275,0.8591885441527446,0.7792207792207793,0.8172531214528945
0.61,0.13,350,58,112,276,0.8578431372549019,0.7575757575757576,0.8045977011494253
0.61,0.14,337,56,125,278,0.8575063613231552,0.7294372294372294,0.7883040935672514
0.61,0.15,323,46,139,288,0.8753387533875339,0.6991341991341992,0.7773766546329722
0.61,0.16,307,43,155,291,0.8771428571428571,0.6645021645021645,0.7561576354679803
0.61,0.17,284,37,178,297,0.8847352024922118,0.6147186147186147,0.7254150702426564
0.61,0.18,260,32,202,302,0.8904109589041096,0.5627705627705628,0.6896551724137931
0.61,0.19,242,27,220,307,0.8996282527881041,0.5238095238095238,0.6621067031463749
0.61,0.2,217,27,245,307,0.889344262295082,0.4696969696969697,0.6147308781869689
0.61,0.21,201,25,261,309,0.8893805309734514,0.43506493506493504,0.5843023255813954
0.61,0.22,188,25,274,309,0.8826291079812206,0.4069264069264069,0.557037037037037
0.61,0.23,172,21,290,313,0.8911917098445595,0.3722943722943723,0.5251908396946565
0.61,0.24,167,17,295,317,0.907608695652174,0.36147186147186144,0.5170278637770898
0.61,0.25,151,13,311,321,0.9207317073170732,0.3268398268398268,0.48242811501597443
0.62,0.0,385,70,77,264,0.8461538461538461,0.8333333333333334,0.8396946564885497
0.62,0.01,385,70,77,264,0.8461538461538461,0.8333333333333334,0.8396946564885497
0.62,0.02,385,69,77,265,0.8480176211453745,0.8333333333333334,0.8406113537117905
0.62,0.03,384,67,78,267,0.8514412416851441,0.8311688311688312,0.8411829134720702
0.62,0.04,384,66,78,268,0.8533333333333334,0.8311688311688312,0.8421052631578949
0.62,0.05,380,63,82,271,0.8577878103837472,0.8225108225108225,0.839779005524862
0.62,0.06,379,62,83,272,0.8594104308390023,0.8203463203463204,0.8394241417497232
0.62,0.07,375,61,87,273,0.8600917431192661,0.8116883116883117,0.8351893095768375
0.62,0.08,372,59,90,275,0.8631090487238979,0.8051948051948052,0.8331466965285554
0.62,0.09,369,58,93,276,0.8641686182669789,0.7987012987012987,0.8301462317210349
0.62,0.1,363,58,99,276,0.8622327790973872,0.7857142857142857,0.8221970554926388
0.62,0.11,356,56,106,278,0.8640776699029126,0.7705627705627706,0.8146453089244851
0.62,0.12,343,54,119,280,0.8639798488664987,0.7424242424242424,0.7986030267753201
0.62,0.13,339,54,123,280,0.8625954198473282,0.7337662337662337,0.792982456140351
0.62,0.14,326,52,136,282,0.8624338624338624,0.7056277056277056,0.7761904761904761
0.62,0.15,314,42,148,292,0.8820224719101124,0.6796536796536796,0.7677261613691931
0.62,0.16,300,39,162,295,0.8849557522123894,0.6493506493506493,0.749063670411985
0.62,0.17,278,35,184,299,0.8881789137380192,0.6017316017316018,0.7174193548387098
0.62,0.18,260,32,202,302,0.8904109589041096,0.5627705627705628,0.6896551724137931
0.62,0.19,242,27,220,307,0.8996282527881041,0.5238095238095238,0.6621067031463749
0.62,0.2,217,27,245,307,0.889344262295082,0.4696969696969697,0.6147308781869689
0.62,0.21,201,25,261,309,0.8893805309734514,0.43506493506493504,0.5843023255813954
0.62,0.22,188,25,274,309,0.8826291079812206,0.4069264069264069,0.557037037037037
0.62,0.23,172,21,290,313,0.8911917098445595,0.3722943722943723,0.5251908396946565
0.62,0.24,167,17,295,317,0.907608695652174,0.36147186147186144,0.5170278637770898
0.62,0.25,151,13,311,321,0.9207317073170732,0.3268398268398268,0.48242811501597443
0.63,0.0,362,66,100,268,0.8457943925233645,0.7835497835497836,0.8134831460674157
0.63,0.01,362,66,100,268,0.8457943925233645,0.7835497835497836,0.8134831460674157
0.63,0.02,362,65,100,269,0.8477751756440282,0.7835497835497836,0.814398200224972
0.63,0.03,361,63,101,271,0.8514150943396226,0.7813852813852814,0.8148984198645597
0.63,0.04,361,62,101,272,0.8534278959810875,0.7813852813852814,0.815819209039548
0.63,0.05,358,60,104,274,0.8564593301435407,0.7748917748917749,0.8136363636363636
0.63,0.06,357,59,105,275,0.8581730769230769,0.7727272727272727,0.8132118451025058
0.63,0.07,354,58,108,276,0.8592233009708737,0.7662337662337663,0.8100686498855835
0.63,0.08,352,57,110,277,0.8606356968215159,0.7619047619047619,0.8082663605051664
0.63,0.09,352,57,110,277,0.8606356968215159,0.7619047619047619,0.8082663605051664
0.63,0.1,347,57,115,277,0.8589108910891089,0.7510822510822511,0.8013856812933026
0.63,0.11,342,55,120,279,0.8614609571788413,0.7402597402597403,0.7962747380675204
0.63,0.12,332,53,130,281,0.8623376623376623,0.7186147186147186,0.7839433293978749
0.63,0.13,329,53,133,281,0.8612565445026178,0.7121212121212122,0.7796208530805686
0.63,0.14,317,51,145,283,0.8614130434782609,0.6861471861471862,0.7638554216867471
0.63,0.15,306,41,156,293,0.8818443804034583,0.6623376623376623,0.7564894932014833
0.63,0.16,293,38,169,296,0.8851963746223565,0.6341991341991342,0.7389659520807063
0.63,0.17,274,35,188,299,0.8867313915857605,0.5930735930735931,0.7107652399481194
0.63,0.18,257,32,205,302,0.889273356401384,0.5562770562770563,0.6844207723035952
0.63,0.19,239,27,223,307,0.8984962406015038,0.5173160173160173,0.6565934065934066
0.63,0.2,216,27,246,307,0.8888888888888888,0.4675324675324675,0.6127659574468085
0.63,0.21,200,25,262,309,0.8888888888888888,0.4329004329004329,0.5822416302765647
0.63,0.22,188,25,274,309,0.8826291079812206,0.4069264069264069,0.557037037037037
0.63,0.23,172,21,290,313,0.8911917098445595,0.3722943722943723,0.5251908396946565
0.63,0.24,167,17,295,317,0.907608695652174,0.36147186147186144,0.5170278637770898
0.63,0.25,151,13,311,321,0.9207317073170732,0.3268398268398268,0.48242811501597443
0.64,0.0,340,61,122,273,0.8478802992518704,0.7359307359307359,0.7879490150637312
0.64,0.01,340,61,122,273,0.8478802992518704,0.7359307359307359,0.7879490150637312
0.64,0.02,340,60,122,274,0.85,0.7359307359307359,0.7888631090487239
0.64,0.03,339,58,123,276,0.853904282115869,0.7337662337662337,0.789289871944121
0.64,0.04,339,57,123,277,0.8560606060606061,0.7337662337662337,0.7902097902097902
0.64,0.05,336,57,126,277,0.8549618320610687,0.7272727272727273,0.7859649122807018
0.64,0.06,335,56,127,278,0.8567774936061381,0.7251082251082251,0.7854630715123095
0.64,0.07,333,56,129,278,0.8560411311053985,0.7207792207792207,0.782608695652174
0.64,0.08,333,55,129,279,0.8582474226804123,0.7207792207792207,0.7835294117647058
0.64,0.09,333,55,129,279,0.8582474226804123,0.7207792207792207,0.7835294117647058
0.64,0.1,330,55,132,279,0.8571428571428571,0.7142857142857143,0.7792207792207793
0.64,0.11,326,53,136,281,0.8601583113456465,0.7056277056277056,0.7752675386444707
0.64,0.12,319,53,143,281,0.8575268817204301,0.6904761904761905,0.7649880095923262
0.64,0.13,317,53,145,281,0.8567567567567568,0.6861471861471862,0.7620192307692308
0.64,0.14,308,51,154,283,0.8579387186629527,0.6666666666666666,0.7503045066991473
0.64,0.15,299,41,163,293,0.8794117647058823,0.6471861471861472,0.7456359102244389
0.64,0.16,289,38,173,296,0.8837920489296636,0.6255411255411255,0.732572877059569
0.64,0.17,272,35,190,299,0.8859934853420195,0.5887445887445888,0.7074122236671001
0.64,0.18,256,32,206,302,0.8888888888888888,0.5541125541125541,0.6826666666666666
0.64,0.19,238,27,224,307,0.8981132075471698,0.5151515151515151,0.6547455295735901
0.64,0.2,215,27,247,307,0.8884297520661157,0.4653679653679654,0.6107954545454546
0.64,0.21,199,25,263,309,0.8883928571428571,0.43073593073593075,0.5801749271137027
0.64,0.22,187,25,275,309,0.8820754716981132,0.40476190476190477,0.5548961424332344
0.64,0.23,171,21,291,313,0.890625,0.37012987012987014,0.5229357798165138
0.64,0.24,166,17,296,317,0.907103825136612,0.3593073593073593,0.5147286821705427
0.64,0.25,150,13,312,321,0.9202453987730062,0.3246753246753247,0.48000000000000004
0.65,0.0,309,55,153,279,0.8489010989010989,0.6688311688311688,0.74818401937046
0.65,0.01,309,55,153,279,0.8489010989010989,0.6688311688311688,0.74818401937046
0.65,0.02,309,54,153,280,0.8512396694214877,0.6688311688311688,0.749090909090909
0.65,0.03,309,54,153,280,0.8512396694214877,0.6688311688311688,0.749090909090909
0.65,0.04,309,53,153,281,0.8535911602209945,0.6688311688311688,0.7499999999999999
0.65,0.05,306,53,156,281,0.8523676880222841,0.6623376623376623,0.7454323995127892
0.65,0.06,305,53,157,281,0.8519553072625698,0.6601731601731602,0.7439024390243903
0.65,0.07,303,53,159,281,0.851123595505618,0.6558441558441559,0.7408312958435208
0.65,0.08,303,52,159,282,0.8535211267605634,0.6558441558441559,0.7417380660954713
0.65,0.09,303,52,159,282,0.8535211267605634,0.6558441558441559,0.7417380660954713
0.65,0.1,300,52,162,282,0.8522727272727273,0.6493506493506493,0.7371007371007371
0.65,0.11,297,50,165,284,0.8559077809798271,0.6428571428571429,0.7342398022249691
0.65,0.12,296,50,166,284,0.8554913294797688,0.6406926406926406,0.7326732673267328
0.65,0.13,295,50,167,284,0.855072463768116,0.6385281385281385,0.731102850061958
0.65,0.14,290,48,172,286,0.8579881656804734,0.6277056277056277,0.725
0.65,0.15,283,38,179,296,0.881619937694704,0.6125541125541125,0.7228607918263091
0.65,0.16,274,35,188,299,0.8867313915857605,0.5930735930735931,0.7107652399481194
0.65,0.17,259,32,203,302,0.8900343642611683,0.5606060606060606,0.6879150066401062
0.65,0.18,248,30,214,304,0.8920863309352518,0.5367965367965368,0.6702702702702703
0.65,0.19,234,25,228,309,0.9034749034749034,0.5064935064935064,0.6490984743411927
0.65,0.2,214,25,248,309,0.895397489539749,0.46320346320346323,0.6105563480741798
0.65,0.21,198,23,264,311,0.8959276018099548,0.42857142857142855,0.5797950219619327
0.65,0.22,187,23,275,311,0.8904761904761904,0.40476190476190477,0.5565476190476191
0.65,0.23,171,19,291,315,0.9,0.37012987012987014,0.5245398773006135
0.65,0.24,166,17,296,317,0.907103825136612,0.3593073593073593,0.5147286821705427
0.65,0.25,150,13,312,321,0.9202453987730062,0.3246753246753247,0.48000000000000004
