image_id,nutrient,gold_value,detected,below,above,category,cause
102.png,energy,188.0,1,0,0,C_detected_unmatched,gate_quantity_above
102.png,energy,45.0,1,0,0,C_detected_unmatched,gate_quantity_above
102.png,fat,1.0,1,0,0,C_detected_unmatched,gate_quantity_above
102.png,carbohydrate,7.9,1,0,0,C_detected_unmatched,gate_quantity_above
102.png,sugars,3.9,1,0,0,C_detected_unmatched,gate_quantity_above
102.png,fibre,0.6,1,0,0,C_detected_unmatched,gate_quantity_above
102.png,protein,0.7,1,0,0,C_detected_unmatched,gate_quantity_above
102.png,salt,0.02,1,0,0,C_detected_unmatched,gate_quantity_above
104.jpeg,protein,3.2,1,0,0,C_detected_unmatched,nutrient_mislabelled
104.jpeg,protein,0.0,1,0,0,C_detected_unmatched,nutrient_mislabelled
105.png,energy,158.0,1,0,0,C_detected_unmatched,gate_quantity_above
105.png,carbohydrate,6.3,1,0,0,C_detected_unmatched,gate_quantity_above
105.png,sugars,6.2,1,0,0,C_detected_unmatched,gate_quantity_above
105.png,fibre,1.9,1,0,0,C_detected_unmatched,gate_quantity_above
105.png,protein,0.8,1,0,0,C_detected_unmatched,gate_quantity_above
105.png,salt,0.0,1,0,0,C_detected_unmatched,gate_quantity_above
107.png,pantothenicacid,6.0,1,0,0,C_detected_unmatched,gate_quantity_above
108.jpeg,niacin,16.0,1,0,0,C_detected_unmatched,nutrient_not_detected
111.jpeg,vitaminb12,17.5,1,0,0,C_detected_unmatched,other_residual
112.jpeg,vitaminb12,17.5,1,0,0,C_detected_unmatched,other_residual
113.jpeg,sugars,3.9,1,0,0,C_detected_unmatched,nutrient_mislabelled
113.jpeg,sugars,1.2,1,0,0,C_detected_unmatched,nutrient_mislabelled
114.jpeg,sugars,4.1,1,0,0,C_detected_unmatched,nutrient_mislabelled
114.jpeg,sugars,1.2,1,0,0,C_detected_unmatched,nutrient_mislabelled
115.png,fat,0.0,1,0,0,C_detected_unmatched,gate_quantity_above
115.png,carbohydrate,12.0,1,0,0,C_detected_unmatched,gate_quantity_above
115.png,sugars,10.0,1,0,0,C_detected_unmatched,gate_quantity_above
115.png,fibre,1.6,1,0,0,C_detected_unmatched,gate_quantity_above
115.png,protein,11.0,1,0,0,C_detected_unmatched,gate_quantity_above
115.png,salt,0.05,1,0,0,C_detected_unmatched,gate_quantity_above
116.jpeg,sugars,4.6,1,0,0,C_detected_unmatched,nutrient_mislabelled
116.jpeg,sugars,1.4,1,0,0,C_detected_unmatched,nutrient_mislabelled
118.jpeg,energy,1440.0,1,0,0,C_detected_unmatched,gate_quantity_above
118.jpeg,energy,344.0,1,0,0,C_detected_unmatched,gate_quantity_above
118.jpeg,fat,10.0,1,0,0,C_detected_unmatched,gate_quantity_above
118.jpeg,carbohydrate,48.0,1,0,0,C_detected_unmatched,gate_quantity_above
118.jpeg,sugars,4.0,1,0,0,C_detected_unmatched,nutrient_mislabelled
118.jpeg,sugaralcohols,21.0,1,0,0,C_detected_unmatched,nutrient_mislabelled
118.jpeg,fibre,3.0,1,0,0,C_detected_unmatched,gate_quantity_above
118.jpeg,protein,24.0,1,0,0,C_detected_unmatched,gate_quantity_above
118.jpeg,salt,0.7,1,0,0,C_detected_unmatched,gate_quantity_above
118.jpeg,energy,1152.0,1,0,0,C_detected_unmatched,gate_quantity_above
118.jpeg,energy,275.0,1,0,0,C_detected_unmatched,gate_quantity_above
118.jpeg,fat,8.0,1,0,0,C_detected_unmatched,gate_quantity_above
118.jpeg,carbohydrate,38.0,1,0,0,C_detected_unmatched,gate_quantity_above
118.jpeg,sugars,3.2,1,0,0,C_detected_unmatched,nutrient_mislabelled
118.jpeg,sugaralcohols,17.0,1,0,0,C_detected_unmatched,nutrient_mislabelled
118.jpeg,fibre,2.4,1,0,0,C_detected_unmatched,gate_quantity_above
118.jpeg,protein,19.0,1,0,0,C_detected_unmatched,gate_quantity_above
118.jpeg,salt,0.56,1,0,0,C_detected_unmatched,gate_quantity_above
119.jpeg,energy,1471.0,1,0,0,C_detected_unmatched,nutrient_mislabelled
119.jpeg,energy,352.0,1,0,0,C_detected_unmatched,nutrient_mislabelled
119.jpeg,carbohydrate,47.0,1,0,0,C_detected_unmatched,gate_quantity_above
119.jpeg,sugars,4.0,1,0,0,C_detected_unmatched,nutrient_mislabelled
119.jpeg,sugaralcohols,21.0,1,0,0,C_detected_unmatched,nutrient_mislabelled
119.jpeg,fibre,4.5,1,0,0,C_detected_unmatched,gate_quantity_above
119.jpeg,protein,24.0,1,0,0,C_detected_unmatched,gate_quantity_above
119.jpeg,energy,1177.0,1,0,0,C_detected_unmatched,nutrient_mislabelled
119.jpeg,energy,282.0,1,0,0,C_detected_unmatched,nutrient_mislabelled
119.jpeg,fat,8.4,1,0,0,C_detected_unmatched,gate_quantity_above
119.jpeg,carbohydrate,38.0,1,0,0,C_detected_unmatched,gate_quantity_above
119.jpeg,sugars,3.2,1,0,0,C_detected_unmatched,nutrient_mislabelled
119.jpeg,sugaralcohols,17.0,1,0,0,C_detected_unmatched,nutrient_mislabelled
119.jpeg,fibre,3.6,1,0,0,C_detected_unmatched,gate_quantity_above
119.jpeg,protein,19.0,1,0,0,C_detected_unmatched,gate_quantity_above
119.jpeg,salt,0.56,1,0,0,C_detected_unmatched,gate_quantity_above
12.png,saturatedfats,0.0,1,0,0,C_detected_unmatched,nutrient_not_detected
12.png,sugars,1.1,1,0,0,C_detected_unmatched,gate_quantity_above
12.png,salt,0.6,1,0,0,C_detected_unmatched,nutrient_not_detected
12.png,saturatedfats,0.0,1,0,0,C_detected_unmatched,nutrient_not_detected
12.png,sugars,0.7,1,0,0,C_detected_unmatched,gate_quantity_above
12.png,salt,0.4,1,0,0,C_detected_unmatched,nutrient_not_detected
120.jpeg,copper,1.0,1,0,0,C_detected_unmatched,gate_quantity_above
120.jpeg,manganese,0.4,1,0,0,C_detected_unmatched,gate_quantity_above
120.jpeg,chromium,25.0,1,0,0,C_detected_unmatched,gate_quantity_above
120.jpeg,molybdenum,45.0,1,0,0,C_detected_unmatched,gate_quantity_above
121.jpeg,sugaralcohols,15.0,1,0,0,C_detected_unmatched,nutrient_mislabelled
121.jpeg,sugars,2.2,1,0,0,C_detected_unmatched,nutrient_mislabelled
121.jpeg,sugaralcohols,6.7,1,0,0,C_detected_unmatched,nutrient_mislabelled
20.png,vitaminb2,10.7,1,0,0,C_detected_unmatched,nutrient_not_detected
20.png,carbohydrate,11.7,1,0,0,C_detected_unmatched,gate_quantity_above
20.png,fat,0.1,1,0,0,C_detected_unmatched,gate_quantity_above
20.png,potassium,100.0,1,0,0,C_detected_unmatched,gate_quantity_above
20.png,magnesium,45.0,1,0,0,C_detected_unmatched,gate_quantity_above
20.png,phosphorus,120.0,1,0,0,C_detected_unmatched,gate_quantity_above
20.png,selenium,33.0,1,0,0,C_detected_unmatched,gate_quantity_above
20.png,vitaminc,37.5,1,0,0,C_detected_unmatched,gate_quantity_above
20.png,niacin,16.0,1,0,0,C_detected_unmatched,gate_quantity_above
20.png,vitamine,10.0,1,0,0,C_detected_unmatched,gate_quantity_above
20.png,pantothenicacid,6.0,1,0,0,C_detected_unmatched,gate_quantity_above
20.png,vitaminb2,1.6,1,0,0,C_detected_unmatched,nutrient_not_detected
20.png,folicacid,200.0,1,0,0,C_detected_unmatched,gate_quantity_above
20.png,biotin,153.0,1,0,0,C_detected_unmatched,gate_quantity_above
201.jpeg,saturatedfats,4.2,1,0,0,C_detected_unmatched,nutrient_not_detected
201.jpeg,carbohydrate,8.1,1,0,0,C_detected_unmatched,nutrient_not_detected
201.jpeg,fat,2.0,1,0,0,C_detected_unmatched,nutrient_not_detected
201.jpeg,saturatedfats,1.3,1,0,0,C_detected_unmatched,nutrient_not_detected
201.jpeg,sugars,2.3,1,0,0,C_detected_unmatched,nutrient_mislabelled
26.png,carbohydrate,56.0,1,0,0,C_detected_unmatched,gate_quantity_above
26.png,sugars,7.0,1,0,0,C_detected_unmatched,gate_quantity_above
26.png,protein,3.5,1,0,0,C_detected_unmatched,gate_quantity_above
26.png,salt,0.11,1,0,0,C_detected_unmatched,gate_quantity_above
33.png,sugars,56.0,1,0,0,C_detected_unmatched,gate_quantity_above
33.png,sugars,42.0,1,0,0,C_detected_unmatched,gate_quantity_above
51.png,saturatedfats,0.5,1,0,0,C_detected_unmatched,nutrient_not_detected
51.png,salt,0.13,1,0,0,C_detected_unmatched,nutrient_mislabelled
51.png,saturatedfats,0.5,1,0,0,C_detected_unmatched,nutrient_not_detected
51.png,salt,0.08,1,0,0,C_detected_unmatched,nutrient_mislabelled
51.png,vitaminb6,0.21,1,0,0,C_detected_unmatched,nutrient_not_detected
53.png,saturatedfats,0.5,1,0,0,C_detected_unmatched,nutrient_not_detected
53.png,salt,0.13,1,0,0,C_detected_unmatched,nutrient_mislabelled
53.png,saturatedfats,0.5,1,0,0,C_detected_unmatched,nutrient_not_detected
53.png,salt,0.08,1,0,0,C_detected_unmatched,nutrient_mislabelled
56.jpeg,energy,1604.0,1,0,0,C_detected_unmatched,nutrient_mislabelled
56.jpeg,carbohydrate,3.67,1,0,0,C_detected_unmatched,nutrient_not_detected
56.jpeg,energy,96.2,1,0,0,C_detected_unmatched,nutrient_mislabelled
57.jpeg,energy,383.0,1,0,0,C_detected_unmatched,nutrient_mislabelled
57.jpeg,energy,1604.0,1,0,0,C_detected_unmatched,nutrient_mislabelled
57.jpeg,carbohydrate,3.67,1,0,0,C_detected_unmatched,nutrient_not_detected
57.jpeg,energy,23.0,1,0,0,C_detected_unmatched,nutrient_mislabelled
57.jpeg,energy,96.2,1,0,0,C_detected_unmatched,nutrient_mislabelled
59.png,fructose,12.7,1,0,0,C_detected_unmatched,nutrient_mislabelled
68.jpeg,energy,1578.0,1,0,0,C_detected_unmatched,nutrient_mislabelled
68.jpeg,lmethionine,2.0,1,0,0,C_detected_unmatched,nutrient_not_detected
88.png,sugars,3.5,1,0,0,C_detected_unmatched,nutrient_mislabelled
88.png,sugars,11.0,1,0,0,C_detected_unmatched,nutrient_mislabelled
91.png,sugars,11.0,1,0,0,C_detected_unmatched,gate_quantity_above
91.png,protein,26.0,1,0,0,C_detected_unmatched,gate_quantity_above
