image_id,nutrient,column,best_quantity,dx,dy,best_deviation,likely_missing
64.png,pantothenic acid,0,3.0,839.5,128.5,3.5827,1
108.jpeg,pantothenic acid,0,6.0,374.5,-40.5,3.2004,1
20.png,vitamin a,1,1000,666.0,-33.0,2.5531,1
201.jpeg,proteinas/proteinas,1,0.02,1147.0,51.5,2.4488,1
201.jpeg,proteinas/proteinas,0,0.05,892.5,48.5,2.4228,1
9.jpeg,vitamin czuachten,1,60,175.0,49.5,2.3597,1
20.png,caffeine (from guarana extract powder,1,6.7,664.0,589.0,2.2047,1
53.png,vitamin b6vitamine b6,2,0.21,2199.5,-32.5,2.1057,1
53.png,vitamin b6vitamine b6,3,0.35,1687.0,-14.0,2.1057,1
51.png,vitamin b1,2,0.21,2221.0,93.5,2.0846,1
121.jpeg,eiweibriegelmitkokos-mandel-geschmackundkokosraspeln,1,12,364.0,206.5,2.016,1
106.png,magnesium,0,250,746.0,-9.5,1.9975,1
88.png,salt,1,0.10,1238.0,-97.0,1.9769,1
4.png,protein,0,0.12,4034.5,17.0,1.9012,1
117.jpeg,carbohydrate,0,0.04,611.5,183.0,1.8994,1
51.png,vitamin b1,1,0.13,1883.5,-48.5,1.8969,1
2.png,salt,1,0.30,2371.5,-42.0,1.8818,1
2.png,salt,0,0.43,1758.5,-33.0,1.8737,1
34.png,vitamins,0,0.2,265.0,539.5,1.8704,1
90.png,salt,1,0.16,1247.5,43.0,1.8558,1
45_2.png,salt,0,1.3,1296.5,12.5,1.8552,1
51.png,vitamin b1,0,0.08,2420.5,-28.0,1.8547,1
88.png,salt,0,0.33,1749.5,-58.0,1.8502,1
53.png,energy,2,0.21,2201.0,878.5,1.839,1
53.png,energy,3,0.35,1688.5,897.0,1.839,1
51.png,energyenergie kj,2,0.21,2216.0,941.0,1.8315,1
101.png,saturated fats,0,3.0,757.5,498.0,1.808,1
41.png,ofwhich sugars,0,0,1400.0,153.0,1.7851,1
4.png,salt,0,0.12,391.5,-2.0,1.7794,1
26.png,ofwhichsugars,0,0.11,975.0,127.0,1.7759,1
20.png,caffeine,1,6.7,698.5,656.5,1.7663,1
121.jpeg,eiweibriegelmitkokos-mandel-geschmackundkokosraspeln,0,151,231.5,169.0,1.7654,1
27.png,kublephydrate/carbohydrate,0,75,814.5,573.5,1.7162,1
20.png,pantothenic acid,1,6.7,701.5,338.5,1.704,1
118.jpeg,davon gesattigtefettsauren,0,21,613.5,80.5,1.6839,1
12.png,energy,0,77,1210.3,0.0,1.6762,1
106.png,vitamin e,0,250,753.5,364.0,1.6586,1
105.png,salt,1,0.03,662.0,-40.0,1.6393,1
90.png,salt,0,0.10,1955.0,63.5,1.6347,1
12.png,energy,1,129,931.6,-3.5,1.6325,1
119.jpeg,salt,0,0.70,864.5,-29.0,1.6266,1
4.png,fettsauren,0,6.7,3954.0,79.0,1.6136,1
4.png,sugars,0,0.12,3947.0,77.0,1.6135,1
4.png,fat,0,56,4037.5,129.0,1.6076,1
61.png,salt,0,166.7,2869.5,174.0,1.5971,1
63.png,salt,1,166.7,2924.0,200.0,1.5959,1
118.jpeg,davon gesattigtefettsauren,1,17,458.5,80.5,1.5882,1
59.png,davonzucker/of which sugars,1,5,1613.5,483.0,1.5842,1
1.png,magnesiumbisglycinat,0,333,1594.0,69.0,1.5748,1
2.png,fat,0,70,1794.0,385.0,1.5697,1
4.png,energy,0,0,3971.5,131.0,1.5541,1
120.jpeg,chromium,0,45,345.5,16.5,1.5496,1
2.png,fat,1,50,2402.5,378.0,1.5494,1
30.png,saturated fat (g,1,19,576.5,260.5,1.5478,1
90.png,sugars,0,6.0,1575.0,52.0,1.5389,1
20.png,folic acid,0,153,1789.5,-1.5,1.5372,1
59.png,davonzucker/of which sugars,0,25,513.5,490.0,1.535,1
4.png,protein,0,0.12,3530.5,25.5,1.5272,1
63.png,salt,0,50,2379.0,171.0,1.5211,1
4.png,carbohydrate,0,0.12,3929.0,133.0,1.5196,1
4.png,salt,0,0.12,838.5,0.0,1.5164,1
2.png,sugars,0,0,1156.5,144.0,1.5137,1
90.png,fat,0,6.0,1948.0,362.5,1.5124,1
17.png,vitamin b12,1,15,1821.0,-7.5,1.5102,1
30.png,saturated fat (g,0,35,980.0,243.5,1.5028,1
4.png,protein,0,0.12,355.0,60.5,1.5019,1
33.png,chloride,0,105,1219.0,-10.0,1.5006,1
59.png,vitamin e,1,60,1813.5,-43.5,1.4995,1
61.png,salt,1,50,2304.0,178.0,1.4954,1
90.png,fat,1,<0.1,1219.0,137.5,1.4931,1
59.png,vitamin e,0,300,710.5,-25.5,1.4858,1
106.png,vitamin e,0,12,60.5,1179.0,1.4714,1
120.jpeg,manganese,0,45,339.0,56.0,1.4689,1
2.png,sugars,1,0,1780.5,141.0,1.4645,1
109.jpeg,salt,0,0.05,360.5,-16.5,1.4595,1
20.png,biotin,1,1000,885.0,50.0,1.458,1
90.png,sugars,1,0.16,835.0,242.0,1.4514,1
115.png,fat,0,12.0,905.5,262.5,1.4486,1
102.png,fat,0,7.9,1779.5,259.5,1.4447,1
4.png,carbohydrate,0,0.12,281.5,167.5,1.4446,1
51.png,of which sugarsdavon zuckerdont sucreswaarvan suikers,1,6.7,1344.0,157.5,1.4434,1
41.png,salt,0,0.10,1793.0,-15.0,1.4337,1
51.png,of which sugarsdavon zuckerdont sucreswaarvan suikers,0,4.0,1888.5,176.0,1.4297,1
4.png,saturated fats,0,6.7,300.0,111.5,1.4159,1
4.png,saturated fats,0,56,305.5,109.5,1.4141,1
117.jpeg,fat,0,6.1,720.0,-3.5,1.4135,1
61.png,calcium,0,166.7,2639.5,-10.0,1.4133,1
4.png,energy,0,0,313.0,163.5,1.4132,1
53.png,of which sugars i davon zucker dont sucres i waarvan sukers,0,0.08,1819.0,210.5,1.4114,1
109.jpeg,fat,0,12.0,386.5,139.5,1.4113,1
63.png,calcium,0,50,2139.0,-17.5,1.4085,1
34.png,vitamin b12,0,3.5,533.5,8.0,1.4073,1
6.png,sodium,0,200,1435.0,16.0,1.4045,1
45_2.png,ofwhich sugars,0,38,971.0,16.0,1.4014,1
59.png,fat,0,150,752.0,523.5,1.3974,1
4.png,salt,0,0.12,2610.5,-17.0,1.392,1
51.png,of which sugarsdavon zuckerdont sucreswaarvan suikers,2,0.21,1667.5,423.5,1.3872,1
8.png,sugars,0,21271,814.0,8.0,1.3833,1
119.jpeg,davongesattigtefettsauren,0,21,693.0,88.5,1.377,1
4.png,salt,0,0.12,1220.5,-4.5,1.3752,1
30.png,fibre,0,130,1010.0,126.0,1.3747,1
118.jpeg,protein,0,0.70,764.5,-12.0,1.3745,1
53.png,energy,0,<0.5,2382.0,283.0,1.3725,1
51.png,energyenergie kj,1,<0.5,1880.0,330.0,1.3713,1
53.png,of which sugars i davon zucker dont sucres i waarvan sukers,1,0.13,1334.5,227.5,1.3707,1
114.jpeg,caffeine,0,80,862.5,-17.5,1.3659,0
4.png,fat,0,56,369.5,161.0,1.3647,0
53.png,energy,1,<0.5,1883.0,293.5,1.3647,0
116.jpeg,saturated fats,1,4.6,474.5,155.0,1.3617,0
63.png,calcium,1,166.7,2684.0,11.5,1.3613,0
63.png,saturated fats,1,0.6,2058.5,216.0,1.3592,0
64.png,zinc,0,3.0,1197.5,-11.5,1.3585,0
61.png,calcium,1,50,2074.0,-6.0,1.3585,0
116.jpeg,saturated fats,0,1.4,747.0,153.5,1.3575,0
61.png,saturated fats,0,0.6,2030.5,198.0,1.3567,0
90.png,carbohydrate,0,6.0,1578.5,145.5,1.3553,0
9.jpeg,vitamin c,1,60,203.5,1.0,1.3535,0
51.png,energyenergie kj,0,<0.5,2420.0,340.0,1.353,0
118.jpeg,protein,1,0.56,611.0,-13.5,1.3469,0
53.png,of which sugars i davon zucker dont sucres i waarvan sukers,2,0.21,1644.5,338.0,1.3454,0
53.png,of which sugars i davon zucker dont sucres i waarvan sukers,3,0.35,1132.0,356.5,1.3454,0
106.png,vitamines et sels minéraux/vitamine,0,12,56.5,1053.0,1.3423,0
119.jpeg,davongesattigtefettsauren,1,17,521.0,82.0,1.3391,0
119.jpeg,protein,1,0.56,686.5,-2.5,1.338,0
102.png,fat,1,1.1,982.5,170.0,1.3364,0
57.jpeg,fat,0,0.26g,229.5,-14.0,1.3328,0
105.png,fat,0,6.3,1484.0,356.0,1.3248,0
9.jpeg,vitamin czuachten,0,5,76.0,37.0,1.3241,0
108.jpeg,vitamin e,0,509,411.0,82.5,1.3241,0
42.png,sodium,0,240,981.0,-4.5,1.3167,0
59.png,fat,1,<0.02,1856.0,411.5,1.314,0
120.jpeg,copper,0,45,348.0,98.5,1.308,0
114.jpeg,caffeine,1,268,460.0,9.0,1.307,0
107.png,biotin,0,6,1239.5,232.0,1.3061,0
30.png,carbohydrate,0,3.6,1002.5,245.0,1.2978,0
103.jpeg,protein,0,7.7,118.0,-2.5,1.2956,0
90.png,carbohydrate,1,10,873.5,122.0,1.2818,0
117.jpeg,fibre,0,0.04,628.5,91.0,1.2809,0
115.png,protein,0,0.05,802.5,-3.0,1.2809,0
61.png,fat,1,14.6,2243.0,196.0,1.2771,0
9.jpeg,zinc,1,60,216.5,13.5,1.2764,0
30.png,fibre,1,70,629.0,120.0,1.2699,0
101.png,sodium,0,36,1147.0,-10.0,1.2672,0
116.jpeg,salt,1,2.02,592.5,11.5,1.2671,0
82.jpeg,protein,0,60,104.5,33.5,1.2662,0
4.png,salt,0,0.12,2202.5,-10.5,1.2648,0
45_1.png,sodium,0,240,957.5,-44.0,1.2643,0
34.png,folic acid,0,0.9,778.0,104.0,1.2633,0
105.png,fat,1,51.4,679.5,607.5,1.2624,0
63.png,of which sugars/ davon zucker / di cul zuccheri /dont sucres/ de los cuales azücares/od tega sladkorji,1,1.73,2107.0,144.0,1.2619,0
63.png,fat,0,14.6,2305.5,214.0,1.2604,0
116.jpeg,salt,0,0.61,862.0,2.5,1.2586,0
1.png,magnesiumoxid,0,333,1717.5,187.0,1.2577,0
59.png,vitamin c,1,60,1815.0,53.0,1.2568,0
59.png,vitamin c,0,300,712.0,71.0,1.2557,0
4.png,salt,0,0.12,1699.0,-6.5,1.2541,0
90.png,magnesium,0,0.10,1777.0,-56.0,1.2514,0
41.png,carbohydrate,0,0,1468.5,297.0,1.2512,0
105.png,protein,0,0.00,1390.5,16.5,1.2506,0
63.png,saturated fats,0,0.2,1566.5,207.0,1.2489,0
106.png,e sali minerali/vitaminok es asvanyi,0,12,51.5,925.5,1.2485,0
88.png,saturated fats,1,3.5,1061.0,269.5,1.2484,0
61.png,sugars,0,1.73,2079.0,130.0,1.2471,0
113.jpeg,caffeine,1,80,791.0,18.5,1.2428,0
102.png,salt,1,0.14,876.0,-43.0,1.242,0
106.png,magnesium,0,250,509.5,107.5,1.2338,0
33.png,potassium,0,105,1192.0,95.0,1.2243,0
61.png,saturated fats,1,0.2,1526.0,202.0,1.2243,0
42.png,fat,0,38,1469.0,492.5,1.222,0
121.jpeg,salt,0,0.09,508.5,13.0,1.2198,0
121.jpeg,salt,1,0.20,643.5,15.5,1.2076,0
201.jpeg,salt,1,0.02,1013.5,13.5,1.2064,0
26.png,carbohydrate,0,0.11,1019.5,207.0,1.2012,0
91.png,protein,0,0.10,986.0,98.0,1.1995,0
30.png,sodium,1,70,761.5,4.0,1.1976,0
4.png,proteines,0,0.12,792.0,60.0,1.1959,0
30.png,carbohydrate,1,70,616.5,362.0,1.1949,0
91.png,salt,0,0.10,1104.5,-1.0,1.1948,0
201.jpeg,salt,0,0.05,759.0,10.5,1.1931,0
88.png,fat,0,1.6,1723.0,74.5,1.1925,0
105.png,davon gesattigte,1,7.0,463.5,771.5,1.1922,0
12.png,protein,0,0.4,916.0,69.5,1.1916,0
12.png,protein,1,0.6,649.0,68.5,1.1876,0
88.png,saturated fats,0,11,1589.0,321.0,1.1872,0
4.png,protein,0,0.12,3043.0,34.5,1.185,0
102.png,protein,0,0.02,1612.0,41.5,1.18,0
4.png,energy,0,0,3500.0,144.0,1.177,0
107.png,niacin,0,6,1236.5,396.0,1.1737,0
106.png,anyagok/vitamini in minerali,0,12,53.0,796.0,1.1717,0
17.png,vitamin b12,0,0.38,1101.0,2.5,1.17,0
63.png,fat,1,48.7,2799.0,216.0,1.1662,0
201.jpeg,cukry/di cui zuccheri/z toho cukry/de los cuales azucares/dos quais acucares,0,0.05,589.0,109.5,1.1651,0
61.png,fat,0,48.7,2748.0,194.0,1.1646,0
117.jpeg,salt,0,0.04,709.0,-1.5,1.1625,0
17.png,caffeine,1,15,1929.5,219.0,1.1595,0
113.jpeg,caffeine,2,267,399.5,30.5,1.1583,0
63.png,of which sugars/ davon zucker / di cul zuccheri /dont sucres/ de los cuales azücares/od tega sladkorji,0,0.52,1617.0,128.5,1.158,0
119.jpeg,protein,0,0.70,856.5,7.5,1.1556,0
45_2.png,fat,0,38,1215.5,796.5,1.1537,0
4.png,valore energetico,0,0,635.5,158.5,1.1501,0
82.jpeg,creatine,0,3,194.5,9.5,1.1421,0
120.jpeg,selenium,0,45,359.0,139.5,1.1411,0
6.png,green tea,0,1,1402.5,22.5,1.141,0
41.png,fat,0,16156,1845.0,518.0,1.1399,0
56.jpeg,fat,1,4.3,208.5,24.5,1.1379,0
201.jpeg,cukry/di cui zuccheri/z toho cukry/de los cuales azucares/dos quais acucares,1,0.02,843.5,112.5,1.1359,0
105.png,davon gesattigte,0,1.9,1230.5,517.0,1.1358,0
61.png,sugars,1,0.52,1573.5,130.0,1.1327,0
56.jpeg,fat,0,0.268,319.5,8.0,1.1316,0
107.png,folic acid,0,6,1183.5,50.0,1.1245,0
20.png,vitamin b1,0,153,1850.5,68.5,1.1228,0
116.jpeg,fat,0,8.2,885.5,150.5,1.1086,0
116.jpeg,fat,1,27.0,612.0,148.5,1.1036,0
64.png,niacin,0,2.5,1201.5,528.5,1.1027,0
30.png,sodium,0,130,1142.5,10.0,1.0954,0
119.jpeg,fat,1,3.2,728.5,70.5,1.0932,0
88.png,fat,1,4.1,1216.0,238.5,1.0907,0
51.png,fat fett matieres grassesvetten,2,0.21,2067.0,825.0,1.0901,0
27.png,vitamin d,0,37,1015.5,131.5,1.0835,0
53.png,fat |fett |matieres grasses |vetten,2,0.21,2042.0,757.0,1.0803,0
53.png,fat |fett |matieres grasses |vetten,3,0.35,1529.5,775.5,1.0803,0
105.png,protein,1,0.03,626.0,132.5,1.0788,0
4.png,carbohydrate,0,0.12,746.5,165.0,1.0746,0
4.png,sugars,0,0.12,733.0,114.0,1.0682,0
119.jpeg,fat,0,4.0,899.5,74.5,1.0654,0
103.jpeg,fibre,0,7.7,102.0,18.5,1.0578,0
104.jpeg,salt,0,0.1,139.0,4.5,1.0525,0
102.png,fibre,0,0.02,1528.5,182.0,1.043,0
53.png,dont acides gras saturés waarvan verzadigde vetzuren,1,62,1407.0,195.0,1.042,0
4.png,fat,0,56,779.5,158.5,1.0362,0
20.png,vitamin b12,1,1000,839.0,104.5,1.0327,0
88.png,protein,0,0.33,1621.5,90.0,1.0307,0
20.png,niacin,1,10.7,885.0,295.0,1.0297,0
30.png,energy,0,9.1,1255.0,259.5,1.0277,0
1.png,magnesiummalat,0,333,1686.0,-3.0,1.0268,0
102.png,davon gesattigte,0,0.6,1511.5,411.0,1.0244,0
59.png,eiweib/protein,1,<0.1,1830.0,419.5,1.0232,0
53.png,dont acides gras saturés waarvan verzadigde vetzuren,2,0.21,1706.0,557.5,1.023,0
53.png,dont acides gras saturés waarvan verzadigde vetzuren,3,0.35,1193.5,576.0,1.023,0
59.png,eiweib/protein,0,<0.3,720.0,496.5,1.0179,0
20.png,pantothenic acid,0,66706,1827.5,128.5,1.0164,0
51.png,dont acides gras saturéswaarvan verzadigde vetzuren,2,0.21,1737.0,633.5,1.013,0
106.png,magnesium,0,250,486.5,220.0,1.0054,0
88.png,saturated fats,1,3.5,1085.5,372.0,1.004,0
53.png,dont acides gras saturés waarvan verzadigde vetzuren,0,37,1908.0,183.0,1.0036,0
63.png,potassium,0,50,2073.0,44.5,1.0025,0
61.png,potassium,0,166.7,2577.5,52.0,1.0008,0
51.png,proteineiweibprotéineselwitten,2,0.21,2057.0,317.5,0.9989,0
102.png,sugars,0,0.02,1511.0,319.0,0.9952,0
33.png,magnesium,0,140,850.5,201.5,0.9935,0
34.png,vitamin b2,0,3.5,556.0,186.5,0.9934,0
53.png,proteineiweibproteineseiwitten,2,0.21,2023.0,212.0,0.988,0
53.png,proteineiweibproteineseiwitten,3,0.35,1510.5,230.5,0.988,0
26.png,protein,0,0.11,1131.5,41.0,0.987,0
17.png,caffeine,0,0.22,1163.5,444.0,0.9864,0
9.jpeg,zinc,0,30,118.5,13.5,0.9816,0
101.png,salt,0,36,1224.0,381.5,0.981,0
120.jpeg,acidophilus,0,1,325.0,457.5,0.9795,0
120.jpeg,lactobacillus,0,100,545.0,510.0,0.9788,0
4.png,protein,0,0.12,1195.0,54.0,0.9762,0
51.png,dont acides gras saturéswaarvan verzadigde vetzuren,1,62,1423.0,247.5,0.9739,0
2.png,protein,1,0.30,2212.5,124.5,0.9729,0
102.png,energy,0,0.1,1726.0,269.0,0.9726,0
17.png,niacin,2,2.4,879.0,7.0,0.9691,0
17.png,caffeine,2,2.4,972.0,226.5,0.9691,0
120.jpeg,iodine,0,45,370.5,182.0,0.9677,0
101.png,fat,0,<0.1,1159.0,149.0,0.9673,0
2.png,protein,0,0.43,1599.5,133.5,0.9645,0
63.png,potassium,1,166.7,2618.0,73.5,0.9599,0
51.png,dont acides gras saturéswaarvan verzadigde vetzuren,0,37,1969.0,261.5,0.9576,0
121.jpeg,protein,0,0.09,496.5,42.5,0.9505,0
45_2.png,carbohydrate,0,38,989.0,213.5,0.9489,0
61.png,potassium,1,50,2012.0,56.0,0.9468,0
30.png,energy,1,5.0,842.0,281.5,0.9452,0
9.jpeg,vitamin c,0,30,105.5,1.0,0.9386,0
20.png,vitamin b1,0,153,1852.0,130.0,0.9385,0
121.jpeg,protein,1,0.20,631.5,45.0,0.9357,0
88.png,protein,1,0.10,1110.0,51.0,0.9353,0
108.jpeg,folic acid,0,6.0,433.5,33.0,0.935,0
88.png,saturated fats,0,13,1609.0,206.0,0.9277,0
12.png,waarvan sukers / josta sokereiden osuus / dont sucres,0,0.4,915.0,192.0,0.9265,0
120.jpeg,calcium,0,45,347.5,264.0,0.9232,0
12.png,waarvan sukers / josta sokereiden osuus / dont sucres,1,0.6,648.0,191.0,0.92,0
108.jpeg,biotin,0,6.0,451.0,98.0,0.9182,0
118.jpeg,fat,1,3.2,646.0,61.0,0.9168,0
116.jpeg,carbohydrate,1,41.0,499.5,155.5,0.915,0
91.png,saturated fats,0,11,1403.5,345.0,0.9147,0
20.png,folic acid,1,1000,796.5,161.0,0.9124,0
120.jpeg,vitamin k,0,45,340.0,307.0,0.9124,0
120.jpeg,alpha-liponsäure,0,250,542.5,442.0,0.9074,0
114.jpeg,fibre,1,0.51,443.5,99.5,0.9073,0
110.jpeg,melissen extrakt,1,30,597.5,14.0,0.9063,0
20.png,carbohydrate,1,200,757.0,551.5,0.9054,0
110.jpeg,melissen extrakt,0,15,207.5,6.0,0.9052,0
114.jpeg,fibre,0,0.17,841.0,76.0,0.9016,0
82.jpeg,fat,0,3,210.5,37.0,0.9014,0
121.jpeg,fat,0,6.7,524.0,132.5,0.8986,0
118.jpeg,fat,0,4.0,798.5,60.0,0.8951,0
4.png,proteines,0,0.12,2537.0,42.5,0.8931,0
201.jpeg,protein,0,0.05,621.5,71.5,0.8928,0
116.jpeg,carbohydrate,0,3.7,776.5,98.5,0.8915,0
113.jpeg,fibre,2,0.53,383.0,109.5,0.8907,0
45_2.png,energy,0,94,1143.5,821.0,0.8903,0
109.jpeg,protein,0,0.05,344.5,38.5,0.8896,0
120.jpeg,vitamin d3,0,90,530.0,296.0,0.8874,0
64.png,folic acid,0,2.0,1089.0,125.5,0.8863,0
113.jpeg,fibre,1,0.17,778.5,98.5,0.8848,0
105.png,sugars,0,0.00,1257.0,358.5,0.8837,0
116.jpeg,protein,1,2.02,582.0,56.5,0.8828,0
120.jpeg,vitamin e,0,100,529.5,530.5,0.8824,0
121.jpeg,fat,1,49,658.0,103.5,0.881,0
109.jpeg,saturated fats,0,9.8,283.5,141.5,0.8786,0
8.png,protein,0,4.8,850.5,172.0,0.8727,0
105.png,fibre,0,0.00,1292.5,185.5,0.8727,0
110.jpeg,niacin,1,16,616.5,18.5,0.8714,0
91.png,energy,0,1.6,1380.5,167.0,0.8714,0
116.jpeg,protein,0,0.61,851.5,47.5,0.8713,0
120.jpeg,zinc,0,45,369.5,221.5,0.8707,0
30.png,fat,0,71,1237.5,257.0,0.87,0
113.jpeg,carbohydrate,1,44,968.5,123.0,0.8676,0
110.jpeg,niacin,0,8.0,227.5,10.0,0.8655,0
116.jpeg,energy,1,27.0,592.0,204.0,0.8651,0
102.png,davon gesattigte,1,31,729.0,323.0,0.864,0
201.jpeg,protein,1,0.02,876.0,74.5,0.8638,0
116.jpeg,fibre,0,0.61,778.0,100.0,0.8626,0
53.png,proteineiweibproteineseiwitten,1,0.13,1713.0,101.5,0.8599,0
12.png,fatten/ rasva / matiéres grasses / fett/ tlustcze / fett,1,32,652.0,250.5,0.8599,0
120.jpeg,vitamin c,0,4.1,338.5,386.0,0.8573,0
12.png,carbohydrate,0,0.0,920.5,249.5,0.8561,0
102.png,energy,1,1.1,934.0,321.0,0.856,0
45_1.png,fibre,0,500,1230.0,122.0,0.8559,0
101.png,vitamin b1,0,36,1150.5,191.5,0.855,0
8.png,fat,0,21271,935.5,508.0,0.8539,0
12.png,carbohydrate,1,0.1,653.5,248.5,0.8486,0
45_2.png,protein,0,1.3,1143.0,185.0,0.846,0
12.png,fatten/ rasva / matiéres grasses / fett/ tlustcze / fett,0,19,922.0,248.5,0.8451,0
53.png,proteineiweibproteineseiwitten,0,0.08,2197.5,84.5,0.8433,0
20.png,vitamin b1,1,1000,857.5,231.0,0.8425,0
8.png,energy,0,7.9,1222.5,359.0,0.8417,0
20.png,fatt/fat,1,240,850.0,756.0,0.8402,0
82.jpeg,energy,0,60,204.5,31.5,0.8385,0
68.jpeg,e/lsidn/t-hstidna/l-istidina,0,169,308.0,74.0,0.8362,0
118.jpeg,fibre,0,0.70,716.5,28.5,0.8359,0
45_1.png,sugars,0,240,880.5,313.0,0.835,0
30.png,fat,1,39,830.0,279.5,0.8339,0
114.jpeg,carbohydrate,0,21.0,833.5,126.0,0.83,0
27.png,calcium,0,2000,1009.5,235.5,0.829,0
110.jpeg,pantothenic acid,0,3.0,209.5,9.0,0.8239,0
6.png,magnesium,0,9,1336.5,416.0,0.8235,0
104.jpeg,fibre,0,0.1,111.5,45.0,0.8194,0
106.png,vitaminae/e-vitamin,0,250,540.5,478.0,0.8192,0
57.jpeg,brennwen.....energie,0,1604,157.5,26.5,0.8191,0
110.jpeg,pantothenic acid,1,6.0,597.5,18.0,0.8178,0
2.png,saturated fats,1,25,1894.5,400.5,0.8167,0
34.png,vitamin b1,0,3.5,557.5,275.0,0.8141,0
113.jpeg,carbohydrate,2,145,567.5,147.5,0.8115,0
53.png,carbohydratekohlenhydrateglucideskoolhydraten,0,4.0,1949.0,185.0,0.8085,0
116.jpeg,energy,0,0.4,864.5,96.5,0.8083,0
20.png,caffeine (from guarana extract powder,0,66706,1790.0,379.0,0.8076,0
103.jpeg,carbohydrate,0,1.9,150.0,39.0,0.8028,0
116.jpeg,fibre,1,2.02,508.5,109.0,0.8013,0
115.png,davon gesattigte,0,1.6,674.5,408.0,0.8006,0
120.jpeg,folic acid,0,90,530.5,426.5,0.8003,0
4.png,fat,0,56,3028.0,141.5,0.7965,0
68.jpeg,wnan verzadde vetzuren/de las cuales saturadas/dos quais acidos gordos,0,2,293.5,101.5,0.7947,0
56.jpeg,proteines,0,0.228,234.0,8.0,0.7925,0
120.jpeg,vitamin b12,0,90,525.0,340.0,0.7914,0
68.jpeg,aaesdre/1-leucin/l-leucina,0,169,339.5,137.0,0.791,0
56.jpeg,proteines,1,3.67,122.5,24.5,0.7903,0
106.png,vitamin e,0,250,552.5,597.0,0.7902,0
2.png,saturated fats,0,33,1287.0,403.5,0.79,0
53.png,carbohydratekohlenhydrateglucideskoolhydraten,1,6.7,1459.0,201.5,0.7867,0
104.jpeg,sugars,0,1.4,159.5,28.5,0.7862,0
88.png,carbohydrate,1,0.10,1176.0,403.5,0.7846,0
53.png,of which saturates i davon gesättigte fettsäuren,2,0.21,1814.5,657.5,0.7823,0
53.png,of which saturates i davon gesättigte fettsäuren,3,0.35,1302.0,676.0,0.7823,0
33.png,sodium,0,105,1219.0,410.5,0.7813,0
51.png,of which saturatesdavon gesättigte feltsauren,2,0.21,1842.5,729.0,0.7801,0
118.jpeg,fibre,1,0.56,563.0,27.0,0.7784,0
17.png,niacin,0,0.38,1130.5,445.0,0.7783,0
4.png,proteins,0,0.12,1623.5,54.0,0.776,0
121.jpeg,energy,0,2.2,510.0,132.5,0.7749,0
91.png,saturated fats,0,11,1382.0,247.0,0.7748,0
27.png,zinc,0,10000,1001.5,236.5,0.7726,0
4.png,energy,0,0,2996.0,143.5,0.7723,0
120.jpeg,vitamin b1,0,63,527.0,432.5,0.7717,0
45_1.png,energykj/kcal,0,0,1300.5,330.0,0.7707,0
4.png,carbohydrate,0,0.12,2979.0,150.0,0.7664,0
2.png,carbohydrate,0,0,1293.5,277.5,0.7653,0
4.png,saturated fats,0,6.7,2884.5,94.5,0.763,0
120.jpeg,niacin,0,4.1,353.5,341.5,0.7626,0
59.png,carbohydrate,1,12.7,1691.5,206.5,0.7625,0
103.jpeg,sugars,0,66.0,149.0,42.0,0.7619,0
102.png,carbohydrate,0,0.7,1540.0,288.0,0.7614,0
4.png,protein,0,0.12,2143.0,47.5,0.7601,0
45_1.png,protein,0,0,977.5,154.5,0.7592,0
20.png,vitamin e,1,1000,874.5,482.5,0.757,0
53.png,carbohydratekohlenhydrateglucideskoolhydraten,2,0.21,1759.0,438.0,0.7565,0
53.png,carbohydratekohlenhydrateglucideskoolhydraten,3,0.35,1246.5,456.5,0.7565,0
20.png,vitamin b6,0,153,1852.5,192.5,0.754,0
118.jpeg,energy,1,38,634.5,66.0,0.753,0
26.png,fat,0,56,1185.5,192.0,0.7526,0
114.jpeg,carbohydrate,1,140,633.0,137.5,0.7519,0
34.png,vitamins,0,8.4,795.0,627.5,0.7477,0
51.png,carbohydratekohlenhydrateglucideskoolhydraten,1,6.7,1467.5,253.0,0.7476,0
4.png,energy,0,0,1139.5,154.5,0.7457,0
51.png,carbohydratekohlenhydrateglucideskoolhydraten,2,0.21,1791.0,519.0,0.745,0
120.jpeg,inositol,0,16,352.5,453.0,0.7437,0
121.jpeg,energy,1,49,645.0,134.5,0.7413,0
34.png,protein,0,2.6,500.5,491.0,0.7377,0
51.png,carbohydratekohlenhydrateglucideskoolhydraten,0,4.0,2012.0,271.5,0.7377,0
102.png,protein,1,0.14,851.5,92.5,0.7363,0
20.png,vitamin b1,1,1000,859.0,292.5,0.7362,0
4.png,de las cuales dontacides waarvan heraf maettede davon gesattigte,0,6.7,2935.5,152.0,0.7352,0
104.jpeg,carbohydrate,0,1.4,164.0,46.0,0.7348,0
41.png,protein,0,0.10,1654.5,148.0,0.7341,0
33.png,protein,0,26,1215.0,464.0,0.7335,0
120.jpeg,vitamin b2,0,100,522.5,402.5,0.7313,0
41.png,energy,0,0,1783.0,464.5,0.7309,0
34.png,calcium,0,3.2,496.5,594.5,0.7295,0
120.jpeg,vitamin b6,0,100,521.0,445.5,0.7254,0
120.jpeg,biotin,0,45,354.0,437.0,0.7232,0
118.jpeg,energy,0,4.0,789.5,100.5,0.7199,0
42.png,sugars,0,500,1343.5,348.5,0.7174,0
2.png,carbohydrate,1,0,1917.5,274.5,0.7142,0
42.png,protein,0,94,1325.5,529.5,0.7142,0
1.png,magnesium,0,420,1644.0,365.5,0.714,0
105.png,carbohydrate,0,0.8,1275.5,360.0,0.7124,0
27.png,fert/fat,0,2000,1018.5,359.5,0.706,0
88.png,carbohydrate,0,0.33,1687.5,442.5,0.7052,0
91.png,carbohydrate,0,8.0,1060.0,202.0,0.7044,0
42.png,fibre,0,500,1250.0,172.0,0.7038,0
115.png,fibre,0,0.05,718.0,143.0,0.6981,0
120.jpeg,choline,0,5,359.0,451.0,0.6875,0
33.png,energy,0,0,851.5,637.0,0.6864,0
53.png,fat |fett |matieres grasses |vetten,0,<0.5,2223.0,161.5,0.6856,0
20.png,phosphorus,0,66706,1938.5,464.0,0.6827,0
20.png,vitamin c,1,10.7,863.0,356.5,0.6815,0
53.png,fat |fett |matieres grasses |vetten,1,<0.5,1724.0,172.0,0.6808,0
59.png,selenium,1,60,1757.0,142.5,0.6769,0
59.png,selenium,0,300,654.0,160.5,0.6713,0
109.jpeg,sugars,0,0.05,293.5,148.0,0.6677,0
33.png,calcium,0,140,902.5,307.5,0.6675,0
119.jpeg,fibre,1,0.56,631.5,36.5,0.6624,0
20.png,energy,0,120,1803.0,432.0,0.6604,0
59.png,carbohydrate,0,0.3,587.5,299.5,0.6548,0
114.jpeg,salt,0,80,889.0,66.0,0.6534,0
90.png,energy,0,0,1842.0,272.0,0.6525,0
27.png,sefee/selenium,0,37,958.0,234.0,0.6508,0
114.jpeg,salt,1,268,486.5,92.5,0.6485,0
51.png,proteineiweibprotéineselwitten,1,0.13,1719.5,175.5,0.6482,0
101.png,protein,0,36,1164.5,569.5,0.6475,0
34.png,energy,0,0,767.0,478.0,0.6457,0
20.png,vitamin b6,1,1000,859.5,355.0,0.6412,0
34.png,potassium,0,0.8,771.0,514.5,0.6398,0
105.png,energy,0,0.0,1411.0,499.5,0.6388,0
34.png,pantothenic acid,0,3.5,560.0,367.5,0.6375,0
27.png,brewswert/energyvalue,0,49,922.5,321.5,0.6339,0
113.jpeg,salt,1,80,812.5,95.5,0.6322,0
102.png,sugars,1,5.9,762.0,232.5,0.6298,0
107.png,vitamin c,0,200,1179.5,571.5,0.6284,0
117.jpeg,energy,0,6.1,692.5,36.0,0.6261,0
51.png,fat fett matieres grassesvetten,1,<0.5,1731.0,214.0,0.6244,0
201.jpeg,hodnota/energia/energia/valor energetico/energia,1,1.3,993.5,113.0,0.6224,0
33.png,salt,0,55,853.0,567.0,0.6223,0
51.png,fat fett matieres grassesvetten,0,<0.5,2271.0,224.0,0.6196,0
104.jpeg,energy,0,0.6,118.0,50.5,0.617,0
120.jpeg,rutin,0,5,366.0,405.0,0.6164,0
105.png,sugars,1,0.03,492.5,474.5,0.6129,0
51.png,proteineiweibprotéineselwitten,0,0.08,2256.5,196.0,0.6111,0
105.png,energy,1,2.7,609.0,335.0,0.6105,0
91.png,carbohydrate,0,8.0,1071.5,301.5,0.6089,0
33.png,saturated fats,0,0.40,1180.0,555.5,0.6036,0
113.jpeg,protein,1,80,803.5,136.5,0.5979,0
63.png,magnesium,0,50,1880.0,103.0,0.5937,0
103.jpeg,energy,0,0.4,109.0,38.0,0.5912,0
113.jpeg,protein,2,267,412.0,148.5,0.5907,0
201.jpeg,energy,0,4.2,638.0,136.0,0.5899,0
102.png,fibre,1,0.14,768.0,233.0,0.5829,0
113.jpeg,salt,2,267,421.0,107.5,0.5821,0
17.png,niacin,1,15,1845.0,217.0,0.5803,0
107.png,vitamin e,0,6,1176.5,551.5,0.5778,0
33.png,saturated fats,0,0.53,865.0,465.5,0.5762,0
34.png,magnesium,0,0.2,760.5,614.5,0.5755,0
117.jpeg,protein,0,0.04,692.5,45.5,0.5751,0
105.png,carbohydrate,1,7.0,496.5,457.0,0.5731,0
63.png,carbohydrate,1,1.73,2290.5,214.0,0.569,0
201.jpeg,hodnota/energia/energia/valor energetico/energia,0,4.2,735.5,105.5,0.5679,0
108.jpeg,vitamin c,0,16,438.5,97.5,0.567,0
33.png,sugars,0,158,1168.0,461.5,0.5654,0
12.png,sugars,0,0.4,996.5,139.5,0.5632,0
12.png,sugars,1,0.6,729.5,138.5,0.5602,0
114.jpeg,protein,1,268,475.5,138.0,0.5589,0
20.png,energy,1,300,780.5,487.0,0.5574,0
61.png,energy,1,0,2036.0,200.5,0.5548,0
115.png,energy,0,0.2,809.0,279.0,0.5543,0
8.png,carbohydrate,0,2823232,1101.0,171.0,0.5543,0
34.png,fibre,0,2.6,532.5,574.0,0.5519,0
121.jpeg,davongesattigtefettsauren,1,18,508.0,134.0,0.5473,0
61.png,carbohydrate,0,1.73,2261.0,198.0,0.5468,0
121.jpeg,fibre,0,0.09,460.5,71.5,0.5462,0
6.png,potassium,0,9,1363.5,224.5,0.5423,0
34.png,salt,0,72,536.0,577.5,0.5345,0
27.png,mangen/manganese,0,37,917.5,460.0,0.5323,0
121.jpeg,fibre,1,0.20,595.5,74.0,0.5311,0
68.jpeg,a-ure/t-lsoleucin/lisoleudna,0,169,319.0,115.0,0.5284,0
91.png,sugars,0,0.33,1270.0,161.0,0.5255,0
201.jpeg,energy,1,1.3,896.0,143.5,0.5254,0
63.png,energy,0,0,2087.0,220.5,0.5241,0
119.jpeg,fibre,0,0.70,801.5,46.5,0.5161,0
6.png,calcium,0,200,1400.0,217.5,0.5159,0
61.png,magnesium,1,50,1822.0,118.0,0.5083,0
2.png,energy,0,1616,1494.0,201.0,0.5052,0
2.png,energy,1,1616,2099.5,192.0,0.5041,0
102.png,carbohydrate,1,5.9,774.0,340.0,0.5034,0
17.png,vitamin b6,1,15,1849.0,216.0,0.501,0
34.png,vitamin b6,0,3.5,561.0,456.0,0.499,0
107.png,vitamin b6,0,80,1140.0,247.0,0.4974,0
121.jpeg,davongesattigtefettsauren,0,79,369.0,131.5,0.4973,0
53.png,of which saturates i davon gesättigte fettsäuren,1,62,1515.5,295.0,0.4968,0
109.jpeg,carbohydrate,0,1.5,306.0,91.0,0.4945,0
107.png,vitamin b1,0,80,1158.0,600.5,0.4884,0
91.png,fat,0,4.1,1098.0,291.5,0.4868,0
63.png,magnesium,1,166.7,2425.0,132.0,0.4862,0
61.png,magnesium,0,166.7,2387.5,114.0,0.486,0
109.jpeg,fibre,0,0.05,306.0,93.0,0.484,0
105.png,fibre,1,0.03,528.0,301.5,0.484,0
4.png,saturated fats,0,6.7,1584.0,98.5,0.4837,0
120.jpeg,pantothenic acid,0,40,491.5,453.0,0.4821,0
90.png,saturated fats,0,6.0,1692.5,258.5,0.475,0
34.png,zinc,0,0.8,550.5,616.5,0.4701,0
53.png,of which saturates i davon gesättigte fettsäuren,0,37,2016.5,283.0,0.4691,0
115.png,sugars,0,0.05,701.0,283.0,0.4687,0
114.jpeg,protein,0,80,878.0,111.5,0.4654,0
68.jpeg,fa/fe/maeresgrases/vetten/grasas/upidos/grassi,0,0.49,296.0,162.5,0.4613,0
90.png,protein,1,0.16,1030.0,139.5,0.46,0
59.png,saturated fats,0,<0.1,618.0,247.5,0.4596,0
63.png,carbohydrate,0,0.52,1800.5,198.5,0.4564,0
63.png,energy,1,0,2590.5,223.5,0.4553,0
27.png,chromium,0,37,939.0,348.5,0.4544,0
30.png,protein,0,4.9,1191.0,257.5,0.4518,0
20.png,caffeine,0,66706,1824.5,446.5,0.4487,0
51.png,of which saturatesdavon gesättigte feltsauren,1,84,1528.5,240.5,0.4483,0
115.png,carbohydrate,0,11.0,704.0,277.5,0.4466,0
61.png,energy,0,0,2543.5,200.0,0.446,0
109.jpeg,energy,0,0.2,342.5,142.0,0.4439,0
20.png,potassium,0,37.5,1826.0,413.0,0.4391,0
68.jpeg,ssturados/d cul acidigrassisaturi/varav mattat fett,0,579,298.5,205.0,0.4369,0
51.png,of which saturatesdavon gesättigte feltsauren,0,50,2074.5,254.5,0.4332,0
27.png,magnesium,0,10000,986.0,351.5,0.4315,0
82.jpeg,carbohydrate,0,3,170.0,58.0,0.4304,0
12.png,energy,1,0.0,821.5,199.0,0.4301,0
34.png,fat,0,400,557.5,565.0,0.4301,0
20.png,fatt/fat,0,37.5,1909.5,495.0,0.4283,0
4.png,carbohydrate,0,0.12,2544.0,150.5,0.4272,0
12.png,energy,0,0.0,1089.0,199.0,0.4243,0
61.png,carbohydrate,1,0.52,1755.5,198.0,0.4241,0
101.png,energy,0,<0.1,1090.0,310.5,0.4233,0
90.png,energy,1,<0.1,1085.5,242.5,0.4202,0
35.jpeg,vitamin c,0,2.1,209.0,-8.5,0.4197,0
41.png,saturated fats,0,0,1611.5,470.5,0.4189,0
103.jpeg,saturated fats,0,6.1,136.5,51.5,0.4157,0
20.png,ewebb/protein,1,667,849.5,492.0,0.4086,0
34.png,niacin,0,3.5,564.0,542.0,0.4062,0
2.png,saturated fats,0,33,1520.5,264.0,0.4036,0
26.png,saturated fats,0,3.5,1088.5,211.5,0.4012,0
4.png,energy,0,0,2506.5,150.5,0.3987,0
4.png,energy,0,0,1597.5,154.5,0.3961,0
63.png,protein,1,313.3,2569.5,202.0,0.3958,0
61.png,protein,0,333.3,2525.0,180.0,0.3942,0
90.png,saturated fats,0,6.0,1704.0,257.5,0.3919,0
68.jpeg,enegy/eneg/valor energetico k,0,64,326.5,163.5,0.3894,0
4.png,graisses,0,56,2510.0,145.5,0.3887,0
20.png,carbohydrate,0,360,1904.5,376.0,0.3882,0
113.jpeg,davongesattigte fettsauren,2,4,495.0,100.0,0.3818,0
2.png,saturated fats,1,25,2128.0,261.0,0.3789,0
4.png,fat,0,56,1622.0,154.5,0.3784,0
57.jpeg,proteines,0,0.26g,233.0,24.5,0.3782,0
35.jpeg,magnesium,0,4.7,204.0,-8.0,0.3766,0
45_1.png,carbohydrate,0,500,1174.5,468.0,0.3749,0
34.png,vitamin c,0,72,709.5,664.5,0.3715,0
102.png,fettsauren,0,0.6,1586.0,294.0,0.3706,0
113.jpeg,energy,2,4.5,437.5,150.0,0.365,0
121.jpeg,carbohydrate,0,79,460.0,101.5,0.3647,0
108.jpeg,vitamin b12,0,509,442.5,213.5,0.363,0
34.png,carbohydrate,0,25,709.5,655.5,0.3615,0
88.png,carbohydrate,1,0.10,1164.5,292.5,0.3588,0
107.png,vitamin b12,0,50,1147.5,569.0,0.3588,0
20.png,phosphorus,1,40,795.0,477.0,0.3546,0
20.png,vitamin e,0,153,1867.5,320.0,0.3523,0
64.png,vitamin c,0,7.0,1165.0,262.5,0.3479,0
59.png,sodium,0,300,646.5,259.5,0.3477,0
90.png,protein,0,0.10,1737.5,160.0,0.3463,0
59.png,sodium,1,60,1749.5,241.5,0.3437,0
63.png,protein,0,100,2027.0,181.0,0.3425,0
120.jpeg,bifidobacteriumbifidum,0,100,476.5,431.0,0.3397,0
64.png,vitamin b6,0,2.5,1134.0,396.0,0.3359,0
20.png,calcium,1,240,839.5,557.0,0.3356,0
6.png,vitamin c,0,70,1401.0,402.5,0.3326,0
114.jpeg,energy,1,4.8,502.0,149.5,0.3324,0
34.png,vitamin c,0,3.5,581.0,630.0,0.3323,0
59.png,saturated fats,1,30,1716.0,334.5,0.3312,0
42.png,energykj/kcal,0,0,1246.5,370.5,0.3301,0
45_1.png,saturated fats,0,0,1151.0,475.5,0.3287,0
8.png,saturated fats,0,2823232,1096.5,342.5,0.3277,0
30.png,protein,1,2.7,775.0,279.0,0.325,0
105.png,fettsauren,1,15.5,522.5,475.0,0.3223,0
113.jpeg,energy,1,1.3,836.0,146.0,0.3189,0
20.png,chloride,1,40,839.0,547.5,0.3152,0
90.png,saturated fats,1,10,987.5,235.0,0.3143,0
20.png,selenium,0,200,1839.0,454.0,0.3089,0
121.jpeg,carbohydrate,1,35,598.0,134.5,0.3078,0
64.png,vitamin b12,0,3.0,1117.5,261.0,0.3005,0
104.jpeg,saturated fats,0,10,148.0,58.5,0.3002,0
20.png,niacin,0,153,1895.5,384.5,0.2985,0
20.png,chloride,0,1,1841.0,462.5,0.2949,0
20.png,sodium,0,37.5,1841.0,422.0,0.2885,0
61.png,protein,1,100,1953.5,184.0,0.2843,0
42.png,carbohydrate,0,0,1221.5,336.5,0.2837,0
114.jpeg,davongesattigtefettsauren,1,140,535.5,185.0,0.28,0
101.png,fibre,0,0.09,1085.0,372.0,0.2765,0
33.png,carbohydrate,0,158,1020.5,623.5,0.2748,0
4.png,dos quais acucares joista sokeretta deloscualesazucares dont sucres waarvan suikers,0,0.12,2248.0,109.5,0.2747,0
20.png,sodium,1,250,834.5,550.5,0.2709,0
30.png,sugars,0,130,1119.0,250.0,0.2652,0
90.png,saturated fats,1,10,994.5,235.5,0.2622,0
27.png,kuples/copper,0,251,986.0,471.0,0.2581,0
108.jpeg,vitamin b1,0,80,435.5,233.5,0.258,0
118.jpeg,carbohydrate,0,24,724.5,100.5,0.2559,0
105.png,fettsauren,0,1.9,1325.0,381.5,0.2556,0
33.png,fat,0,0,1085.0,530.0,0.2486,0
113.jpeg,fat,2,3.9,452.0,153.5,0.2475,0
103.jpeg,fat,0,51,119.0,41.0,0.2471,0
113.jpeg,davongesattigte fettsauren,1,44,883.5,163.5,0.2455,0
102.png,fettsauren,1,5.1,809.5,343.5,0.2398,0
118.jpeg,carbohydrate,1,19,572.5,100.0,0.2397,0
101.png,sugars,0,0.09,1041.5,556.0,0.2371,0
88.png,carbohydrate,0,0.33,1676.0,331.5,0.2365,0
113.jpeg,fat,1,1.2,846.0,145.5,0.2324,0
104.jpeg,fat,0,72,132.0,54.5,0.2183,0
30.png,sugars,1,70,738.0,244.0,0.2177,0
108.jpeg,vitamin b6,0,12,432.5,164.5,0.2058,0
107.png,vitamin b2,0,80,1146.0,422.5,0.2014,0
64.png,vitamin b2,0,0.6,1147.0,259.5,0.197,0
59.png,energy,0,64.4,631.0,320.0,0.1852,0
45_2.png,saturated fats,0,38,1077.0,421.5,0.1844,0
45_1.png,fat,0,1410,1051.0,398.5,0.184,0
42.png,saturated fats,0,38,1170.0,336.5,0.1814,0
4.png,valor energetico,0,0,2004.5,154.5,0.1738,0
114.jpeg,davongesattigtefettsauren,0,42,918.5,154.5,0.153,0
20.png,magnesium,1,240,809.5,487.5,0.1527,0
108.jpeg,vitamin b2,0,80,434.0,167.0,0.1525,0
4.png,fat,0,56,2119.0,150.5,0.1503,0
114.jpeg,fat,1,4.1,525.0,147.0,0.1456,0
119.jpeg,carbohydrate,1,3.6,639.0,74.5,0.1371,0
20.png,magnesium,0,6,1878.0,470.5,0.1285,0
17.png,vitamin b6,0,0.38,1129.0,226.0,0.1191,0
26.png,energy,0,0,1131.0,190.0,0.1168,0
115.png,fettsauren,0,1.6,747.5,278.5,0.1166,0
101.png,carbohydrate,0,6.3,1053.5,506.0,0.0972,0
108.jpeg,magnesium,0,1.4,434.5,175.5,0.0968,0
57.jpeg,fett,0,43g,214.5,23.5,0.0952,0
20.png,selenium,1,13.3,827.0,481.0,0.093,0
114.jpeg,energy,0,148,915.0,140.0,0.0855,0
20.png,calcium,0,16,1864.5,418.0,0.078,0
27.png,esemb/protein,0,4000,959.0,472.0,0.0684,0
34.png,sugars,0,25,658.0,574.0,0.0676,0
59.png,fibre,1,60,1739.0,341.0,0.0639,0
59.png,fibre,0,300,636.0,359.0,0.0573,0
59.png,energy,1,12.9,1748.0,338.5,0.0479,0
20.png,vitamin c,0,153,1873.5,446.0,0.0448,0
119.jpeg,carbohydrate,0,4.5,811.0,82.5,0.0385,0
114.jpeg,fat,0,1.2,925.0,132.0,0.0384,0
68.jpeg,prter(e/ehws8/proteines/eiwtten/proteinas,0,8.69,312.0,173.5,0.0365,0
20.png,ewebb/protein,0,120,1872.0,434.0,0.0232,0
20.png,potassium,1,250,819.0,481.0,0.0189,0
113.jpeg,energy,0,11,-29.0,44.0,0.0,0
