image_id,nutrient,gold_value,detected,below,above,category
1.png,magnesiumgesamt,400.0,1,1,1,A_recovered_below
1.png,magnesiumsalzedercitronensaure,420.0,1,0,1,B_only_above
1.png,magnesiumoxid,400.0,1,1,1,A_recovered_below
1.png,magnesiumbisglycinat,350.0,1,1,1,A_recovered_below
1.png,magnesiummalat,333.0,1,0,1,B_only_above
101.png,energy,1625.0,1,1,0,A_recovered_below
101.png,energy,383.0,1,1,0,A_recovered_below
101.png,fat,0.8,1,0,1,B_only_above
101.png,saturatedfats,0.1,1,1,1,A_recovered_below
101.png,carbohydrate,86.1,1,1,0,A_recovered_below
101.png,sugars,8.9,1,1,0,A_recovered_below
101.png,fibre,3.0,1,1,0,A_recovered_below
101.png,protein,6.3,1,0,1,B_only_above
101.png,salt,0.09,1,0,1,B_only_above
101.png,vitaminb1,0.44,0,0,0,D_not_detected_DROP
101.png,sodium,36.0,1,1,0,A_recovered_below
102.png,energy,1502.0,1,1,0,A_recovered_below
102.png,energy,356.0,1,1,0,A_recovered_below
102.png,fat,7.7,1,1,0,A_recovered_below
102.png,saturatedfats,1.1,1,1,0,A_recovered_below
102.png,carbohydrate,63.0,1,1,0,A_recovered_below
102.png,sugars,31.0,1,1,0,A_recovered_below
102.png,fibre,5.1,1,1,0,A_recovered_below
102.png,protein,5.9,1,1,0,A_recovered_below
102.png,salt,0.14,1,1,0,A_recovered_below
102.png,energy,188.0,1,0,0,C_detected_unmatched
102.png,energy,45.0,1,0,0,C_detected_unmatched
102.png,fat,1.0,1,0,0,C_detected_unmatched
102.png,saturatedfats,0.1,1,0,1,B_only_above
102.png,carbohydrate,7.9,1,0,0,C_detected_unmatched
102.png,sugars,3.9,1,0,0,C_detected_unmatched
102.png,fibre,0.6,1,0,0,C_detected_unmatched
102.png,protein,0.7,1,0,0,C_detected_unmatched
102.png,salt,0.02,1,0,0,C_detected_unmatched
103.jpeg,energy,1383.0,1,1,0,A_recovered_below
103.jpeg,energy,328.0,1,1,0,A_recovered_below
103.jpeg,fat,3.7,1,1,0,A_recovered_below
103.jpeg,saturatedfats,0.4,1,1,0,A_recovered_below
103.jpeg,carbohydrate,51.0,1,1,0,A_recovered_below
103.jpeg,sugars,51.0,1,1,0,A_recovered_below
103.jpeg,fibre,16.0,1,1,0,A_recovered_below
103.jpeg,protein,7.7,1,1,0,A_recovered_below
103.jpeg,salt,0.0,0,0,0,D_not_detected_DROP
103.jpeg,energy,166.0,0,0,0,D_not_detected_DROP
103.jpeg,energy,39.0,1,0,1,B_only_above
103.jpeg,fat,0.4,1,1,0,A_recovered_below
103.jpeg,saturatedfats,0.0,0,0,0,D_not_detected_DROP
103.jpeg,carbohydrate,6.1,1,0,1,B_only_above
103.jpeg,sugars,6.1,1,0,1,B_only_above
103.jpeg,fibre,1.9,1,0,1,B_only_above
103.jpeg,protein,0.9,0,0,0,D_not_detected_DROP
103.jpeg,salt,0.0,0,0,0,D_not_detected_DROP
104.jpeg,energy,1528.0,1,1,0,A_recovered_below
104.jpeg,energy,361.0,1,1,0,A_recovered_below
104.jpeg,fat,2.6,1,1,0,A_recovered_below
104.jpeg,saturatedfats,0.6,1,1,0,A_recovered_below
104.jpeg,carbohydrate,72.0,1,1,0,A_recovered_below
104.jpeg,sugars,72.0,1,1,0,A_recovered_below
104.jpeg,fibre,10.0,1,1,1,A_recovered_below
104.jpeg,protein,3.2,1,0,0,C_detected_unmatched
104.jpeg,salt,0.1,1,1,0,A_recovered_below
104.jpeg,energy,214.0,0,0,0,D_not_detected_DROP
104.jpeg,energy,51.0,1,0,1,B_only_above
104.jpeg,fat,0.0,1,0,1,B_only_above
104.jpeg,saturatedfats,0.0,1,0,1,B_only_above
104.jpeg,carbohydrate,10.0,1,1,1,A_recovered_below
104.jpeg,sugars,10.0,1,1,1,A_recovered_below
104.jpeg,fibre,1.4,1,0,1,B_only_above
104.jpeg,protein,0.0,1,0,0,C_detected_unmatched
104.jpeg,salt,0.0,1,0,1,B_only_above
105.png,energy,1320.0,1,1,0,A_recovered_below
105.png,energy,313.0,1,1,0,A_recovered_below
105.png,fat,2.7,1,1,0,A_recovered_below
105.png,saturatedfats,0.4,1,1,0,A_recovered_below
105.png,carbohydrate,52.1,0,0,0,D_not_detected_DROP
105.png,sugars,51.4,1,1,0,A_recovered_below
105.png,fibre,15.5,1,1,0,A_recovered_below
105.png,protein,7.0,1,1,0,A_recovered_below
105.png,salt,0.03,1,1,0,A_recovered_below
105.png,energy,158.0,1,0,0,C_detected_unmatched
105.png,energy,38.0,1,0,1,B_only_above
105.png,fat,0.3,1,0,1,B_only_above
105.png,saturatedfats,0.0,1,0,1,B_only_above
105.png,carbohydrate,6.3,1,0,0,C_detected_unmatched
105.png,sugars,6.2,1,0,0,C_detected_unmatched
105.png,fibre,1.9,1,0,0,C_detected_unmatched
105.png,protein,0.8,1,0,0,C_detected_unmatched
105.png,salt,0.0,1,0,0,C_detected_unmatched
106.png,vitamine,12.0,1,1,1,A_recovered_below
106.png,magnesium,250.0,1,1,0,A_recovered_below
107.png,vitaminb1,1.1,1,1,0,A_recovered_below
107.png,vitaminb2,1.4,1,1,0,A_recovered_below
107.png,vitaminb6,1.4,1,1,0,A_recovered_below
107.png,vitaminb12,2.5,0,0,0,D_not_detected_DROP
107.png,vitaminc,80.0,1,1,0,A_recovered_below
107.png,vitamine,12.0,1,1,0,A_recovered_below
107.png,niacin,16.0,1,1,0,A_recovered_below
107.png,biotin,50.0,1,0,1,B_only_above
107.png,folicacid,200.0,1,1,0,A_recovered_below
107.png,pantothenicacid,6.0,1,0,0,C_detected_unmatched
108.jpeg,magnesium,240.0,1,1,0,A_recovered_below
108.jpeg,vitaminb1,1.1,1,1,0,A_recovered_below
108.jpeg,vitaminb2,1.4,1,1,0,A_recovered_below
108.jpeg,vitaminb6,1.4,1,1,0,A_recovered_below
108.jpeg,vitaminb12,2.5,0,0,0,D_not_detected_DROP
108.jpeg,vitaminc,80.0,1,1,0,A_recovered_below
108.jpeg,vitamine,12.0,1,1,0,A_recovered_below
108.jpeg,niacin,16.0,1,0,0,C_detected_unmatched
108.jpeg,biotin,50.0,0,0,0,D_not_detected_DROP
108.jpeg,folicacid,200.0,0,0,0,D_not_detected_DROP
108.jpeg,pantothenicacid,6.0,1,1,0,A_recovered_below
109.jpeg,energy,420.0,1,1,0,A_recovered_below
109.jpeg,energy,99.0,1,1,0,A_recovered_below
109.jpeg,fat,0.0,1,0,1,B_only_above
109.jpeg,saturatedfats,0.2,1,1,1,A_recovered_below
109.jpeg,carbohydrate,12.0,1,1,0,A_recovered_below
109.jpeg,sugars,9.8,1,1,0,A_recovered_below
109.jpeg,fibre,1.5,1,1,0,A_recovered_below
109.jpeg,protein,11.0,1,1,0,A_recovered_below
109.jpeg,salt,0.05,1,0,1,B_only_above
110.jpeg,melissenextrakt,15.0,1,1,0,A_recovered_below
110.jpeg,niacin,8.0,1,1,0,A_recovered_below
110.jpeg,pantothenicacid,3.0,1,1,0,A_recovered_below
110.jpeg,melissenextrakt,30.0,1,0,1,B_only_above
110.jpeg,niacin,16.0,1,0,1,B_only_above
110.jpeg,pantothenicacid,6.0,1,0,1,B_only_above
111.jpeg,vitaminb12,17.5,1,0,0,C_detected_unmatched
112.jpeg,vitaminb12,17.5,1,0,0,C_detected_unmatched
113.jpeg,energy,1546.0,1,1,0,A_recovered_below
113.jpeg,energy,369.0,1,1,0,A_recovered_below
113.jpeg,fat,4.5,1,1,0,A_recovered_below
113.jpeg,saturatedfats,3.1,1,1,0,A_recovered_below
113.jpeg,carbohydrate,7.7,0,0,0,D_not_detected_DROP
113.jpeg,sugars,3.9,1,0,0,C_detected_unmatched
113.jpeg,fibre,1.9,1,1,0,A_recovered_below
113.jpeg,protein,72.7,1,1,0,A_recovered_below
113.jpeg,salt,0.53,1,1,0,A_recovered_below
113.jpeg,caffeine,267.0,1,1,0,A_recovered_below
113.jpeg,energy,464.0,1,0,1,B_only_above
113.jpeg,energy,111.0,1,0,1,B_only_above
113.jpeg,fat,1.3,1,0,1,B_only_above
113.jpeg,saturatedfats,0.9,1,0,1,B_only_above
113.jpeg,carbohydrate,2.3,1,0,1,B_only_above
113.jpeg,sugars,1.2,1,0,0,C_detected_unmatched
113.jpeg,fibre,0.6,1,0,1,B_only_above
113.jpeg,protein,21.8,1,0,1,B_only_above
113.jpeg,salt,0.17,1,0,1,B_only_above
113.jpeg,caffeine,80.0,1,0,1,B_only_above
114.jpeg,energy,1541.0,1,1,0,A_recovered_below
114.jpeg,energy,368.0,1,1,0,A_recovered_below
114.jpeg,fat,4.8,1,1,0,A_recovered_below
114.jpeg,saturatedfats,3.3,1,1,0,A_recovered_below
114.jpeg,carbohydrate,8.8,1,1,0,A_recovered_below
114.jpeg,sugars,4.1,1,0,0,C_detected_unmatched
114.jpeg,fibre,2.8,1,1,0,A_recovered_below
114.jpeg,protein,70.1,1,1,0,A_recovered_below
114.jpeg,salt,0.51,1,1,0,A_recovered_below
114.jpeg,caffeine,268.0,1,1,0,A_recovered_below
114.jpeg,energy,462.0,1,0,1,B_only_above
114.jpeg,energy,111.0,1,0,1,B_only_above
114.jpeg,fat,1.4,0,0,0,D_not_detected_DROP
114.jpeg,saturatedfats,1.0,1,1,1,A_recovered_below
114.jpeg,carbohydrate,2.6,1,0,1,B_only_above
114.jpeg,sugars,1.2,1,0,0,C_detected_unmatched
114.jpeg,fibre,0.9,1,0,1,B_only_above
114.jpeg,protein,21.0,1,0,1,B_only_above
114.jpeg,salt,0.17,1,0,1,B_only_above
114.jpeg,caffeine,80.0,1,0,1,B_only_above
115.png,energy,438.0,1,1,0,A_recovered_below
115.png,energy,103.0,1,1,0,A_recovered_below
115.png,fat,0.0,1,0,0,C_detected_unmatched
115.png,saturatedfats,0.2,1,0,1,B_only_above
115.png,carbohydrate,12.0,1,0,0,C_detected_unmatched
115.png,sugars,10.0,1,0,0,C_detected_unmatched
115.png,fibre,1.6,1,0,0,C_detected_unmatched
115.png,protein,11.0,1,0,0,C_detected_unmatched
115.png,salt,0.05,1,0,0,C_detected_unmatched
116.jpeg,energy,1696.0,1,1,0,A_recovered_below
116.jpeg,energy,404.0,1,1,0,A_recovered_below
116.jpeg,fat,12.0,1,1,1,A_recovered_below
116.jpeg,saturatedfats,1.4,1,1,1,A_recovered_below
116.jpeg,carbohydrate,27.0,1,1,0,A_recovered_below
116.jpeg,sugars,4.6,1,0,0,C_detected_unmatched
116.jpeg,fibre,12.0,1,1,1,A_recovered_below
116.jpeg,protein,41.0,1,1,0,A_recovered_below
116.jpeg,salt,2.02,1,1,0,A_recovered_below
116.jpeg,energy,509.0,1,0,1,B_only_above
116.jpeg,energy,121.0,1,0,1,B_only_above
116.jpeg,fat,3.5,1,0,1,B_only_above
116.jpeg,saturatedfats,0.4,1,0,1,B_only_above
116.jpeg,carbohydrate,8.2,1,0,1,B_only_above
116.jpeg,sugars,1.4,1,0,0,C_detected_unmatched
116.jpeg,fibre,3.7,1,0,1,B_only_above
116.jpeg,protein,12.0,1,0,1,B_only_above
116.jpeg,salt,0.61,1,0,1,B_only_above
117.jpeg,energy,728.0,1,1,0,A_recovered_below
117.jpeg,energy,173.0,1,0,1,B_only_above
117.jpeg,fat,6.1,1,0,1,B_only_above
117.jpeg,saturatedfats,1.5,0,0,0,D_not_detected_DROP
117.jpeg,carbohydrate,16.7,0,0,0,D_not_detected_DROP
117.jpeg,sugars,13.5,0,0,0,D_not_detected_DROP
117.jpeg,fibre,4.0,0,0,0,D_not_detected_DROP
117.jpeg,protein,11.0,0,0,0,D_not_detected_DROP
117.jpeg,salt,0.04,1,0,1,B_only_above
118.jpeg,energy,1440.0,1,0,0,C_detected_unmatched
118.jpeg,energy,344.0,1,0,0,C_detected_unmatched
118.jpeg,fat,10.0,1,0,0,C_detected_unmatched
118.jpeg,saturatedfats,2.6,1,0,1,B_only_above
118.jpeg,carbohydrate,48.0,1,0,0,C_detected_unmatched
118.jpeg,sugars,4.0,1,0,0,C_detected_unmatched
118.jpeg,sugaralcohols,21.0,1,0,0,C_detected_unmatched
118.jpeg,fibre,3.0,1,0,0,C_detected_unmatched
118.jpeg,protein,24.0,1,0,0,C_detected_unmatched
118.jpeg,salt,0.7,1,0,0,C_detected_unmatched
118.jpeg,energy,1152.0,1,0,0,C_detected_unmatched
118.jpeg,energy,275.0,1,0,0,C_detected_unmatched
118.jpeg,fat,8.0,1,0,0,C_detected_unmatched
118.jpeg,saturatedfats,2.1,1,1,0,A_recovered_below
118.jpeg,carbohydrate,38.0,1,0,0,C_detected_unmatched
118.jpeg,sugars,3.2,1,0,0,C_detected_unmatched
118.jpeg,sugaralcohols,17.0,1,0,0,C_detected_unmatched
118.jpeg,fibre,2.4,1,0,0,C_detected_unmatched
118.jpeg,protein,19.0,1,0,0,C_detected_unmatched
118.jpeg,salt,0.56,1,0,0,C_detected_unmatched
119.jpeg,energy,1471.0,1,0,0,C_detected_unmatched
119.jpeg,energy,352.0,1,0,0,C_detected_unmatched
119.jpeg,fat,11.0,0,0,0,D_not_detected_DROP
119.jpeg,saturatedfats,3.0,1,0,1,B_only_above
119.jpeg,carbohydrate,47.0,1,0,0,C_detected_unmatched
119.jpeg,sugars,4.0,1,0,0,C_detected_unmatched
119.jpeg,sugaralcohols,21.0,1,0,0,C_detected_unmatched
119.jpeg,fibre,4.5,1,0,0,C_detected_unmatched
119.jpeg,protein,24.0,1,0,0,C_detected_unmatched
119.jpeg,salt,0.7,1,0,1,B_only_above
119.jpeg,energy,1177.0,1,0,0,C_detected_unmatched
119.jpeg,energy,282.0,1,0,0,C_detected_unmatched
119.jpeg,fat,8.4,1,0,0,C_detected_unmatched
119.jpeg,saturatedfats,2.4,0,0,0,D_not_detected_DROP
119.jpeg,carbohydrate,38.0,1,0,0,C_detected_unmatched
119.jpeg,sugars,3.2,1,0,0,C_detected_unmatched
119.jpeg,sugaralcohols,17.0,1,0,0,C_detected_unmatched
119.jpeg,fibre,3.6,1,0,0,C_detected_unmatched
119.jpeg,protein,19.0,1,0,0,C_detected_unmatched
119.jpeg,salt,0.56,1,0,0,C_detected_unmatched
12.png,energy,547.0,1,1,0,A_recovered_below
12.png,energy,129.0,1,1,0,A_recovered_below
12.png,fat,0.0,1,1,1,A_recovered_below
12.png,saturatedfats,0.0,1,0,0,C_detected_unmatched
12.png,carbohydrate,32.0,1,1,0,A_recovered_below
12.png,sugars,1.1,1,0,0,C_detected_unmatched
12.png,protein,0.1,1,1,0,A_recovered_below
12.png,salt,0.6,1,0,0,C_detected_unmatched
12.png,energy,328.0,1,0,1,B_only_above
12.png,energy,77.0,1,0,1,B_only_above
12.png,fat,0.0,1,1,1,A_recovered_below
12.png,saturatedfats,0.0,1,0,0,C_detected_unmatched
12.png,carbohydrate,19.0,1,1,0,A_recovered_below
12.png,sugars,0.7,1,0,0,C_detected_unmatched
12.png,protein,0.0,1,1,0,A_recovered_below
12.png,salt,0.4,1,0,0,C_detected_unmatched
120.jpeg,inositol,100.0,1,1,1,A_recovered_below
120.jpeg,alphaliponsaure,42.0,1,1,0,A_recovered_below
120.jpeg,choline,20.0,1,1,1,A_recovered_below
120.jpeg,rutin,20.0,1,1,1,A_recovered_below
120.jpeg,lactobacillusacidophilus,3.6,0,0,0,D_not_detected_DROP
120.jpeg,bifidobacteriumbifidum,3.6,0,0,0,D_not_detected_DROP
120.jpeg,vitaminc,250.0,1,1,0,A_recovered_below
120.jpeg,niacin,16.0,1,1,0,A_recovered_below
120.jpeg,vitamine,30.0,1,1,0,A_recovered_below
120.jpeg,pantothenicacid,5.0,1,1,0,A_recovered_below
120.jpeg,vitaminb6,0.9,1,1,0,A_recovered_below
120.jpeg,vitaminb2,1.1,0,0,0,D_not_detected_DROP
120.jpeg,vitaminb1,1.0,1,1,0,A_recovered_below
120.jpeg,folicacid,200.0,1,1,0,A_recovered_below
120.jpeg,biotin,40.0,1,1,1,A_recovered_below
120.jpeg,vitaminb12,4.1,1,1,0,A_recovered_below
120.jpeg,vitamind3,5.2,1,1,0,A_recovered_below
120.jpeg,vitamink,60.4,1,1,0,A_recovered_below
120.jpeg,calcium,121.0,1,1,0,A_recovered_below
120.jpeg,zinc,6.5,1,1,0,A_recovered_below
120.jpeg,iodine,100.0,1,1,0,A_recovered_below
120.jpeg,selenium,22.0,1,1,0,A_recovered_below
120.jpeg,copper,1.0,1,0,0,C_detected_unmatched
120.jpeg,manganese,0.4,1,0,0,C_detected_unmatched
120.jpeg,chromium,25.0,1,0,0,C_detected_unmatched
120.jpeg,molybdenum,45.0,1,0,0,C_detected_unmatched
121.jpeg,energy,1.401,0,0,0,D_not_detected_DROP
121.jpeg,energy,336.0,0,0,0,D_not_detected_DROP
121.jpeg,fat,12.0,1,0,1,B_only_above
121.jpeg,saturatedfats,6.5,1,0,1,B_only_above
121.jpeg,carbohydrate,20.0,1,0,1,B_only_above
121.jpeg,sugars,4.9,0,0,0,D_not_detected_DROP
121.jpeg,sugaralcohols,15.0,1,0,0,C_detected_unmatched
121.jpeg,fibre,18.0,1,0,1,B_only_above
121.jpeg,protein,35.0,1,0,1,B_only_above
121.jpeg,salt,0.2,1,0,1,B_only_above
121.jpeg,energy,631.0,1,1,0,A_recovered_below
121.jpeg,energy,151.0,1,0,1,B_only_above
121.jpeg,fat,5.2,1,0,1,B_only_above
121.jpeg,saturatedfats,2.9,1,0,1,B_only_above
121.jpeg,carbohydrate,9.1,1,1,0,A_recovered_below
121.jpeg,sugars,2.2,1,0,0,C_detected_unmatched
121.jpeg,sugaralcohols,6.7,1,0,0,C_detected_unmatched
121.jpeg,fibre,7.9,0,0,0,D_not_detected_DROP
121.jpeg,protein,16.0,1,1,0,A_recovered_below
121.jpeg,salt,0.09,1,0,1,B_only_above
15.png,energy,161.0,0,0,0,D_not_detected_DROP
15.png,energy,38.0,0,0,0,D_not_detected_DROP
15.png,fat,0.0,0,0,0,D_not_detected_DROP
15.png,saturatedfats,0.0,0,0,0,D_not_detected_DROP
15.png,carbohydrate,13.1,0,0,0,D_not_detected_DROP
15.png,sugars,0.5,0,0,0,D_not_detected_DROP
15.png,protein,0.0,0,0,0,D_not_detected_DROP
15.png,salt,15.0,0,0,0,D_not_detected_DROP
15.png,sodium,5.952,0,0,0,D_not_detected_DROP
15.png,potassium,3571.0,0,0,0,D_not_detected_DROP
15.png,chloride,4762.0,0,0,0,D_not_detected_DROP
15.png,magnesium,670.0,0,0,0,D_not_detected_DROP
15.png,calcium,1428.0,0,0,0,D_not_detected_DROP
15.png,caffeine,1785.0,0,0,0,D_not_detected_DROP
15.png,energy,6.8,0,0,0,D_not_detected_DROP
15.png,energy,1.6,0,0,0,D_not_detected_DROP
15.png,fat,0.0,0,0,0,D_not_detected_DROP
15.png,saturatedfats,0.0,0,0,0,D_not_detected_DROP
15.png,carbohydrate,0.6,0,0,0,D_not_detected_DROP
15.png,sugars,0.0,0,0,0,D_not_detected_DROP
15.png,protein,0.0,0,0,0,D_not_detected_DROP
15.png,salt,0.63,0,0,0,D_not_detected_DROP
15.png,sodium,250.0,0,0,0,D_not_detected_DROP
15.png,potassium,150.0,0,0,0,D_not_detected_DROP
15.png,chloride,200.0,0,0,0,D_not_detected_DROP
15.png,magnesium,28.1,0,0,0,D_not_detected_DROP
15.png,calcium,60.0,0,0,0,D_not_detected_DROP
15.png,caffeine,75.0,0,0,0,D_not_detected_DROP
15.png,energy,13.6,0,0,0,D_not_detected_DROP
15.png,energy,3.2,0,0,0,D_not_detected_DROP
15.png,fat,0.0,0,0,0,D_not_detected_DROP
15.png,saturatedfats,0.0,0,0,0,D_not_detected_DROP
15.png,carbohydrate,1.1,0,0,0,D_not_detected_DROP
15.png,sugars,0.0,0,0,0,D_not_detected_DROP
15.png,protein,0.0,0,0,0,D_not_detected_DROP
15.png,salt,1.26,0,0,0,D_not_detected_DROP
15.png,sodium,500.0,0,0,0,D_not_detected_DROP
15.png,potassium,300.0,0,0,0,D_not_detected_DROP
15.png,chloride,400.0,0,0,0,D_not_detected_DROP
15.png,magnesium,56.3,0,0,0,D_not_detected_DROP
15.png,calcium,120.0,0,0,0,D_not_detected_DROP
15.png,caffeine,150.0,0,0,0,D_not_detected_DROP
17.png,caffeine,100.0,1,1,0,A_recovered_below
17.png,niacin,2.4,1,1,0,A_recovered_below
17.png,vitaminb6,0.22,1,1,0,A_recovered_below
17.png,vitaminb12,0.38,1,1,0,A_recovered_below
2.png,energy,1195.0,1,1,0,A_recovered_below
2.png,energy,281.0,0,0,0,D_not_detected_DROP
2.png,fat,0.0,1,1,1,A_recovered_below
2.png,saturatedfats,0.0,1,1,1,A_recovered_below
2.png,carbohydrate,70.0,1,1,0,A_recovered_below
2.png,sugars,33.0,1,1,0,A_recovered_below
2.png,protein,0.0,1,1,1,A_recovered_below
2.png,salt,0.43,1,1,0,A_recovered_below
2.png,energy,837.0,1,0,1,B_only_above
2.png,energy,197.0,0,0,0,D_not_detected_DROP
2.png,fat,0.0,1,1,1,A_recovered_below
2.png,saturatedfats,0.0,1,1,1,A_recovered_below
2.png,carbohydrate,50.0,1,0,1,B_only_above
2.png,sugars,25.0,1,1,0,A_recovered_below
2.png,protein,0.0,1,1,1,A_recovered_below
2.png,salt,0.3,1,0,1,B_only_above
20.png,energy,1474.0,0,0,0,D_not_detected_DROP
20.png,energy,346.0,0,0,0,D_not_detected_DROP
20.png,protein,0.1,1,1,1,A_recovered_below
20.png,carbohydrate,78.1,1,1,0,A_recovered_below
20.png,fat,0.5,1,1,0,A_recovered_below
20.png,sodium,667.0,1,1,0,A_recovered_below
20.png,potassium,667.0,1,1,0,A_recovered_below
20.png,calcium,800.0,1,1,0,A_recovered_below
20.png,magnesium,300.0,1,1,0,A_recovered_below
20.png,chloride,667.0,1,1,0,A_recovered_below
20.png,phosphorus,800.0,1,1,0,A_recovered_below
20.png,selenium,200.0,1,1,1,A_recovered_below
20.png,caffeine,250.0,1,1,0,A_recovered_below
20.png,vitaminc,800.0,1,1,0,A_recovered_below
20.png,niacin,240.0,1,1,0,A_recovered_below
20.png,vitamine,67.0,0,0,0,D_not_detected_DROP
20.png,pantothenicacid,40.0,1,1,0,A_recovered_below
20.png,vitaminb6,13.3,1,1,0,A_recovered_below
20.png,vitaminb2,10.7,1,0,0,C_detected_unmatched
20.png,vitaminb1,9.3,1,1,0,A_recovered_below
20.png,folicacid,1333.0,1,1,0,A_recovered_below
20.png,vitaminb12,6.7,1,1,0,A_recovered_below
20.png,biotin,1000.0,1,1,0,A_recovered_below
20.png,vitamina,2220.0,0,0,0,D_not_detected_DROP
20.png,energy,223.0,0,0,0,D_not_detected_DROP
20.png,energy,52.0,0,0,0,D_not_detected_DROP
20.png,protein,0.1,1,1,1,A_recovered_below
20.png,carbohydrate,11.7,1,0,0,C_detected_unmatched
20.png,fat,0.1,1,0,0,C_detected_unmatched
20.png,sodium,100.0,1,0,1,B_only_above
20.png,potassium,100.0,1,0,0,C_detected_unmatched
20.png,calcium,120.0,1,0,1,B_only_above
20.png,magnesium,45.0,1,0,0,C_detected_unmatched
20.png,chloride,120.0,1,0,1,B_only_above
20.png,phosphorus,120.0,1,0,0,C_detected_unmatched
20.png,selenium,33.0,1,0,0,C_detected_unmatched
20.png,caffeine,37.5,1,0,1,B_only_above
20.png,vitaminc,37.5,1,0,0,C_detected_unmatched
20.png,niacin,16.0,1,0,0,C_detected_unmatched
20.png,vitamine,10.0,1,0,0,C_detected_unmatched
20.png,pantothenicacid,6.0,1,0,0,C_detected_unmatched
20.png,vitaminb6,1.0,1,0,1,B_only_above
20.png,vitaminb2,1.6,1,0,0,C_detected_unmatched
20.png,vitaminb1,200.0,1,0,1,B_only_above
20.png,folicacid,200.0,1,0,0,C_detected_unmatched
20.png,vitaminb12,1.0,1,0,1,B_only_above
20.png,biotin,153.0,1,0,0,C_detected_unmatched
20.png,vitamina,225.0,0,0,0,D_not_detected_DROP
201.jpeg,energy,1642.0,1,1,0,A_recovered_below
201.jpeg,energy,392.0,1,1,0,A_recovered_below
201.jpeg,fat,6.7,0,0,0,D_not_detected_DROP
201.jpeg,saturatedfats,4.2,1,0,0,C_detected_unmatched
201.jpeg,carbohydrate,8.1,1,0,0,C_detected_unmatched
201.jpeg,sugars,7.7,0,0,0,D_not_detected_DROP
201.jpeg,protein,77.0,1,1,1,A_recovered_below
201.jpeg,salt,0.05,1,1,0,A_recovered_below
201.jpeg,energy,493.0,1,0,1,B_only_above
201.jpeg,energy,118.0,1,0,1,B_only_above
201.jpeg,fat,2.0,1,0,0,C_detected_unmatched
201.jpeg,saturatedfats,1.3,1,0,0,C_detected_unmatched
201.jpeg,carbohydrate,2.4,0,0,0,D_not_detected_DROP
201.jpeg,sugars,2.3,1,0,0,C_detected_unmatched
201.jpeg,protein,23.0,1,0,1,B_only_above
201.jpeg,salt,0.02,1,0,1,B_only_above
26.png,energy,942.0,0,0,0,D_not_detected_DROP
26.png,energy,225.0,0,0,0,D_not_detected_DROP
26.png,fat,0.0,1,0,1,B_only_above
26.png,saturatedfats,0.0,1,0,1,B_only_above
26.png,carbohydrate,56.0,1,0,0,C_detected_unmatched
26.png,sugars,7.0,1,0,0,C_detected_unmatched
26.png,protein,3.5,1,0,0,C_detected_unmatched
26.png,salt,0.11,1,0,0,C_detected_unmatched
27.png,energy,1254.0,1,1,0,A_recovered_below
27.png,energy,300.0,0,0,0,D_not_detected_DROP
27.png,protein,0.1,1,1,0,A_recovered_below
27.png,carbohydrate,49.0,1,1,0,A_recovered_below
27.png,fat,0.5,1,1,0,A_recovered_below
27.png,calcium,4000.0,1,1,0,A_recovered_below
27.png,magnesium,2000.0,1,1,0,A_recovered_below
27.png,zinc,75.0,1,1,0,A_recovered_below
27.png,copper,10000.0,1,1,0,A_recovered_below
27.png,manganese,15.0,1,1,0,A_recovered_below
27.png,chromium,896.0,1,1,0,A_recovered_below
27.png,selenium,251.0,1,1,0,A_recovered_below
27.png,vitamind,37.0,1,1,0,A_recovered_below
30.png,energy,907.0,1,1,0,A_recovered_below
30.png,energy,215.0,1,1,0,A_recovered_below
30.png,protein,2.7,1,1,0,A_recovered_below
30.png,fat,5.0,1,1,0,A_recovered_below
30.png,saturatedfats,2.7,1,1,0,A_recovered_below
30.png,carbohydrate,39.0,1,1,0,A_recovered_below
30.png,sugars,19.0,1,1,0,A_recovered_below
30.png,fibre,2.0,1,1,0,A_recovered_below
30.png,sodium,70.0,1,1,0,A_recovered_below
30.png,energy,1649.0,1,0,1,B_only_above
30.png,energy,391.0,1,0,1,B_only_above
30.png,protein,4.8,1,0,1,B_only_above
30.png,fat,9.1,1,0,1,B_only_above
30.png,saturatedfats,4.9,1,0,1,B_only_above
30.png,carbohydrate,71.0,1,0,1,B_only_above
30.png,sugars,35.0,1,0,1,B_only_above
30.png,fibre,3.6,1,0,1,B_only_above
30.png,sodium,130.0,1,0,1,B_only_above
33.png,energy,1660.0,1,1,0,A_recovered_below
33.png,energy,390.0,0,0,0,D_not_detected_DROP
33.png,fat,0.0,1,1,1,A_recovered_below
33.png,saturatedfats,0.0,1,1,1,A_recovered_below
33.png,carbohydrate,97.0,1,1,0,A_recovered_below
33.png,sugars,56.0,1,0,0,C_detected_unmatched
33.png,protein,0.0,1,1,1,A_recovered_below
33.png,salt,0.53,1,1,0,A_recovered_below
33.png,sodium,210.0,1,1,0,A_recovered_below
33.png,calcium,35.0,1,1,0,A_recovered_below
33.png,magnesium,25.0,1,1,0,A_recovered_below
33.png,potassium,55.0,1,1,0,A_recovered_below
33.png,chloride,140.0,1,1,0,A_recovered_below
33.png,energy,1245.0,1,0,1,B_only_above
33.png,energy,293.0,0,0,0,D_not_detected_DROP
33.png,fat,0.0,1,1,1,A_recovered_below
33.png,saturatedfats,0.0,1,1,1,A_recovered_below
33.png,carbohydrate,73.0,1,0,1,B_only_above
33.png,sugars,42.0,1,0,0,C_detected_unmatched
33.png,protein,0.0,1,1,1,A_recovered_below
33.png,salt,0.4,1,0,1,B_only_above
33.png,sodium,158.0,1,0,1,B_only_above
33.png,calcium,26.0,1,0,1,B_only_above
33.png,magnesium,19.0,1,0,1,B_only_above
33.png,potassium,41.0,1,0,1,B_only_above
33.png,chloride,105.0,1,0,1,B_only_above
34.png,energy,1356.0,1,1,0,A_recovered_below
34.png,energy,319.0,1,1,0,A_recovered_below
34.png,fat,0.0,1,1,1,A_recovered_below
34.png,carbohydrate,80.0,1,1,0,A_recovered_below
34.png,sugars,77.0,1,1,0,A_recovered_below
34.png,fibre,5.0,1,1,0,A_recovered_below
34.png,protein,0.0,1,1,0,A_recovered_below
34.png,salt,3.5,1,1,1,A_recovered_below
34.png,calcium,400.0,1,1,0,A_recovered_below
34.png,potassium,400.0,1,1,0,A_recovered_below
34.png,magnesium,100.0,1,1,0,A_recovered_below
34.png,zinc,2.6,1,1,0,A_recovered_below
34.png,vitaminc,72.0,1,1,1,A_recovered_below
34.png,niacin,12.0,1,1,0,A_recovered_below
34.png,vitaminb6,3.2,1,1,0,A_recovered_below
34.png,pantothenicacid,2.9,1,1,0,A_recovered_below
34.png,vitaminb1,0.8,1,1,0,A_recovered_below
34.png,vitaminb2,0.8,1,1,0,A_recovered_below
34.png,folicacid,34.0,1,1,0,A_recovered_below
34.png,vitaminb12,3.5,1,1,0,A_recovered_below
34.png,energy,339.0,1,1,0,A_recovered_below
34.png,energy,80.0,1,1,0,A_recovered_below
34.png,fat,0.0,1,1,1,A_recovered_below
34.png,carbohydrate,20.0,1,1,0,A_recovered_below
34.png,sugars,19.0,1,1,0,A_recovered_below
34.png,fibre,1.2,1,1,0,A_recovered_below
34.png,protein,0.0,1,1,0,A_recovered_below
34.png,salt,0.9,1,1,1,A_recovered_below
34.png,calcium,100.0,1,1,0,A_recovered_below
34.png,potassium,100.0,1,1,0,A_recovered_below
34.png,magnesium,25.0,1,1,0,A_recovered_below
34.png,zinc,0.7,1,1,1,A_recovered_below
34.png,vitaminc,18.0,1,1,1,A_recovered_below
34.png,niacin,3.0,1,1,0,A_recovered_below
34.png,vitaminb6,0.8,1,1,0,A_recovered_below
34.png,pantothenicacid,0.7,1,1,0,A_recovered_below
34.png,vitaminb1,0.2,1,1,1,A_recovered_below
34.png,vitaminb2,0.2,1,1,0,A_recovered_below
34.png,folicacid,8.4,1,1,0,A_recovered_below
34.png,vitaminb12,0.9,1,1,1,A_recovered_below
35.jpeg,magnesium,4.7,1,1,0,A_recovered_below
35.jpeg,vitaminc,2.1,1,0,1,B_only_above
35.jpeg,magnesium,225.0,0,0,0,D_not_detected_DROP
35.jpeg,vitaminc,100.8,0,0,0,D_not_detected_DROP
4.png,energy,952.0,0,0,0,D_not_detected_DROP
4.png,energy,224.0,0,0,0,D_not_detected_DROP
4.png,fat,0.0,1,1,1,A_recovered_below
4.png,saturatedfats,0.0,1,1,1,A_recovered_below
4.png,carbohydrate,56.0,1,1,1,A_recovered_below
4.png,sugars,6.7,1,1,0,A_recovered_below
4.png,protein,0.1,0,0,0,D_not_detected_DROP
4.png,salt,0.12,1,1,1,A_recovered_below
41.png,energy,612.0,0,0,0,D_not_detected_DROP
41.png,energy,144.0,0,0,0,D_not_detected_DROP
41.png,fat,0.0,1,1,1,A_recovered_below
41.png,saturatedfats,0.0,1,1,1,A_recovered_below
41.png,carbohydrate,36.0,0,0,0,D_not_detected_DROP
41.png,sugars,4.5,0,0,0,D_not_detected_DROP
41.png,protein,0.0,1,1,0,A_recovered_below
41.png,salt,0.1,1,0,1,B_only_above
42.png,energy,736.0,1,1,0,A_recovered_below
42.png,energy,176.0,1,1,0,A_recovered_below
42.png,protein,0.0,1,1,1,A_recovered_below
42.png,fat,0.0,1,1,1,A_recovered_below
42.png,saturatedfats,0.0,1,1,1,A_recovered_below
42.png,carbohydrate,44.0,0,0,0,D_not_detected_DROP
42.png,sugars,18.0,0,0,0,D_not_detected_DROP
42.png,fibre,0.0,1,0,1,B_only_above
42.png,sodium,240.0,1,1,0,A_recovered_below
42.png,energy,1567.0,1,1,0,A_recovered_below
42.png,energy,374.0,1,1,0,A_recovered_below
42.png,protein,0.1,1,0,1,B_only_above
42.png,fat,0.0,1,1,1,A_recovered_below
42.png,saturatedfats,0.0,1,1,1,A_recovered_below
42.png,carbohydrate,94.0,1,1,0,A_recovered_below
42.png,sugars,38.0,1,0,1,B_only_above
42.png,fibre,0.0,1,0,1,B_only_above
42.png,sodium,500.0,1,0,1,B_only_above
45_1.png,energy,736.0,1,1,0,A_recovered_below
45_1.png,energy,176.0,1,1,0,A_recovered_below
45_1.png,protein,0.0,1,1,1,A_recovered_below
45_1.png,fat,0.0,1,1,1,A_recovered_below
45_1.png,saturatedfats,0.0,1,1,1,A_recovered_below
45_1.png,carbohydrate,44.0,0,0,0,D_not_detected_DROP
45_1.png,sugars,18.0,0,0,0,D_not_detected_DROP
45_1.png,fibre,0.0,1,1,1,A_recovered_below
45_1.png,sodium,240.0,1,1,0,A_recovered_below
45_1.png,energy,1567.0,1,1,0,A_recovered_below
45_1.png,energy,374.0,1,0,1,B_only_above
45_1.png,protein,0.1,1,0,1,B_only_above
45_1.png,fat,0.0,1,1,1,A_recovered_below
45_1.png,saturatedfats,0.0,1,1,1,A_recovered_below
45_1.png,carbohydrate,94.0,0,0,0,D_not_detected_DROP
45_1.png,sugars,38.0,0,0,0,D_not_detected_DROP
45_1.png,fibre,0.0,1,1,1,A_recovered_below
45_1.png,sodium,500.0,1,0,1,B_only_above
45_2.png,energy,1567.0,0,0,0,D_not_detected_DROP
45_2.png,energy,374.0,0,0,0,D_not_detected_DROP
45_2.png,fat,0.0,1,0,1,B_only_above
45_2.png,saturatedfats,0.0,1,0,1,B_only_above
45_2.png,carbohydrate,94.0,1,1,0,A_recovered_below
45_2.png,sugars,38.0,1,1,0,A_recovered_below
45_2.png,protein,0.1,1,0,1,B_only_above
45_2.png,salt,1.3,1,0,1,B_only_above
51.png,energy,1541.0,1,1,0,A_recovered_below
51.png,energy,363.0,0,0,0,D_not_detected_DROP
51.png,fat,0.5,1,1,1,A_recovered_below
51.png,saturatedfats,0.5,1,0,0,C_detected_unmatched
51.png,carbohydrate,84.0,1,1,0,A_recovered_below
51.png,sugars,62.0,1,1,0,A_recovered_below
51.png,protein,6.7,1,1,0,A_recovered_below
51.png,salt,0.13,1,0,0,C_detected_unmatched
51.png,vitaminb6,0.35,0,0,0,D_not_detected_DROP
51.png,energy,925.0,1,0,1,B_only_above
51.png,energy,218.0,0,0,0,D_not_detected_DROP
51.png,fat,0.5,1,1,1,A_recovered_below
51.png,saturatedfats,0.5,1,0,0,C_detected_unmatched
51.png,carbohydrate,50.0,1,0,1,B_only_above
51.png,sugars,37.0,1,1,0,A_recovered_below
51.png,protein,4.0,1,0,1,B_only_above
51.png,salt,0.08,1,0,0,C_detected_unmatched
51.png,vitaminb6,0.21,1,0,0,C_detected_unmatched
53.png,energy,1541.0,1,0,1,B_only_above
53.png,energy,363.0,0,0,0,D_not_detected_DROP
53.png,fat,0.5,1,1,1,A_recovered_below
53.png,saturatedfats,0.5,1,0,0,C_detected_unmatched
53.png,carbohydrate,84.0,1,1,0,A_recovered_below
53.png,sugars,62.0,1,1,0,A_recovered_below
53.png,protein,6.7,1,1,0,A_recovered_below
53.png,salt,0.13,1,0,0,C_detected_unmatched
53.png,vitaminb6,0.35,1,1,0,A_recovered_below
53.png,energy,925.0,1,0,1,B_only_above
53.png,energy,218.0,0,0,0,D_not_detected_DROP
53.png,fat,0.5,1,1,1,A_recovered_below
53.png,saturatedfats,0.5,1,0,0,C_detected_unmatched
53.png,carbohydrate,50.0,1,0,1,B_only_above
53.png,sugars,37.0,1,0,1,B_only_above
53.png,protein,4.0,1,0,1,B_only_above
53.png,salt,0.08,1,0,0,C_detected_unmatched
53.png,vitaminb6,0.21,1,0,1,B_only_above
56.jpeg,energy,383.0,0,0,0,D_not_detected_DROP
56.jpeg,energy,1604.0,1,0,0,C_detected_unmatched
56.jpeg,protein,83.0,1,1,0,A_recovered_below
56.jpeg,carbohydrate,3.67,1,0,0,C_detected_unmatched
56.jpeg,fat,4.3,1,1,0,A_recovered_below
56.jpeg,energy,23.0,0,0,0,D_not_detected_DROP
56.jpeg,energy,96.2,1,0,0,C_detected_unmatched
56.jpeg,protein,4.99,0,0,0,D_not_detected_DROP
56.jpeg,carbohydrate,0.22,0,0,0,D_not_detected_DROP
56.jpeg,fat,0.26,0,0,0,D_not_detected_DROP
57.jpeg,energy,383.0,1,0,0,C_detected_unmatched
57.jpeg,energy,1604.0,1,0,0,C_detected_unmatched
57.jpeg,protein,83.0,1,1,0,A_recovered_below
57.jpeg,carbohydrate,3.67,1,0,0,C_detected_unmatched
57.jpeg,fat,4.3,0,0,0,D_not_detected_DROP
57.jpeg,energy,23.0,1,0,0,C_detected_unmatched
57.jpeg,energy,96.2,1,0,0,C_detected_unmatched
57.jpeg,protein,4.99,1,0,1,B_only_above
57.jpeg,carbohydrate,0.22,0,0,0,D_not_detected_DROP
57.jpeg,fat,0.26,1,0,1,B_only_above
59.png,energy,1391.0,1,1,0,A_recovered_below
59.png,energy,330.0,0,0,0,D_not_detected_DROP
59.png,protein,0.7,1,1,0,A_recovered_below
59.png,carbohydrate,66.6,1,1,0,A_recovered_below
59.png,sugars,64.4,1,1,0,A_recovered_below
59.png,fructose,63.7,0,0,0,D_not_detected_DROP
59.png,fat,0.3,1,1,0,A_recovered_below
59.png,saturatedfats,0.3,1,1,0,A_recovered_below
59.png,fibre,25.0,1,1,0,A_recovered_below
59.png,sodium,0.1,1,1,0,A_recovered_below
59.png,selenium,150.0,1,1,0,A_recovered_below
59.png,vitaminc,300.0,1,1,0,A_recovered_below
59.png,vitamine,50.0,0,0,0,D_not_detected_DROP
59.png,vitamina,1667.0,0,0,0,D_not_detected_DROP
59.png,energy,278.0,1,0,1,B_only_above
59.png,energy,66.0,0,0,0,D_not_detected_DROP
59.png,protein,0.14,1,0,1,B_only_above
59.png,carbohydrate,13.3,1,0,1,B_only_above
59.png,sugars,12.9,1,0,1,B_only_above
59.png,fructose,12.7,1,0,0,C_detected_unmatched
59.png,fat,0.1,1,1,1,A_recovered_below
59.png,saturatedfats,0.1,1,1,1,A_recovered_below
59.png,fibre,5.0,1,0,1,B_only_above
59.png,sodium,0.02,1,0,1,B_only_above
59.png,selenium,30.0,1,0,1,B_only_above
59.png,vitaminc,60.0,1,0,1,B_only_above
59.png,vitamine,10.0,0,0,0,D_not_detected_DROP
59.png,vitamina,333.0,0,0,0,D_not_detected_DROP
6.png,vitaminc,28.0,1,1,0,A_recovered_below
6.png,magnesium,56.0,1,1,0,A_recovered_below
6.png,potassium,70.0,1,1,0,A_recovered_below
6.png,calcium,9.0,1,0,1,B_only_above
6.png,sodium,200.0,1,0,1,B_only_above
6.png,greentea,1.0,1,1,0,A_recovered_below
61.png,energy,427.0,1,1,0,A_recovered_below
61.png,energy,102.0,1,1,0,A_recovered_below
61.png,fat,0.0,1,1,1,A_recovered_below
61.png,saturatedfats,0.0,1,1,1,A_recovered_below
61.png,carbohydrate,25.3,1,1,0,A_recovered_below
61.png,sugars,14.6,1,1,0,A_recovered_below
61.png,protein,0.2,1,1,0,A_recovered_below
61.png,salt,0.52,1,0,1,B_only_above
61.png,magnesium,75.0,1,1,0,A_recovered_below
61.png,potassium,100.0,1,1,0,A_recovered_below
61.png,calcium,50.0,1,1,0,A_recovered_below
61.png,energy,1424.0,1,0,1,B_only_above
61.png,energy,341.0,1,0,1,B_only_above
61.png,fat,0.0,1,1,1,A_recovered_below
61.png,saturatedfats,0.0,1,1,1,A_recovered_below
61.png,carbohydrate,84.4,1,0,1,B_only_above
61.png,sugars,48.7,1,1,0,A_recovered_below
61.png,protein,0.6,1,0,1,B_only_above
61.png,salt,1.73,1,0,1,B_only_above
61.png,magnesium,250.0,1,0,1,B_only_above
61.png,potassium,333.3,1,0,1,B_only_above
61.png,calcium,166.7,1,0,1,B_only_above
63.png,energy,427.0,1,1,0,A_recovered_below
63.png,energy,102.0,1,1,0,A_recovered_below
63.png,fat,0.0,1,1,1,A_recovered_below
63.png,saturatedfats,0.0,1,1,1,A_recovered_below
63.png,carbohydrate,25.3,1,1,0,A_recovered_below
63.png,sugars,14.6,1,1,0,A_recovered_below
63.png,protein,0.2,1,1,0,A_recovered_below
63.png,salt,0.52,1,0,1,B_only_above
63.png,magnesium,75.0,1,1,0,A_recovered_below
63.png,potassium,100.0,1,1,0,A_recovered_below
63.png,calcium,50.0,1,1,0,A_recovered_below
63.png,energy,1424.0,1,0,1,B_only_above
63.png,energy,341.0,1,0,1,B_only_above
63.png,fat,0.0,1,1,1,A_recovered_below
63.png,saturatedfats,0.0,1,1,1,A_recovered_below
63.png,carbohydrate,84.4,1,0,1,B_only_above
63.png,sugars,48.7,1,1,0,A_recovered_below
63.png,protein,0.6,1,0,1,B_only_above
63.png,salt,1.73,1,0,1,B_only_above
63.png,magnesium,250.0,1,0,1,B_only_above
63.png,potassium,333.3,0,0,0,D_not_detected_DROP
63.png,calcium,166.7,1,0,1,B_only_above
64.png,vitaminc,50.0,1,0,1,B_only_above
64.png,vitaminb2,0.6,1,1,0,A_recovered_below
64.png,niacin,7.0,1,0,1,B_only_above
64.png,vitaminb6,0.6,1,1,0,A_recovered_below
64.png,folicacid,80.0,1,1,0,A_recovered_below
64.png,vitaminb12,2.0,1,1,0,A_recovered_below
64.png,pantothenicacid,2.5,1,1,0,A_recovered_below
64.png,zinc,3.0,1,0,1,B_only_above
67.jpeg,colecalciferol,25.0,0,0,0,D_not_detected_DROP
67.jpeg,vitamind3,1000.0,0,0,0,D_not_detected_DROP
67.jpeg,colecalciferol,0.025,0,0,0,D_not_detected_DROP
67.jpeg,vitamind3,1000.0,0,0,0,D_not_detected_DROP
68.jpeg,energy,1578.0,1,0,0,C_detected_unmatched
68.jpeg,energy,372.0,0,0,0,D_not_detected_DROP
68.jpeg,fat,0.6,0,0,0,D_not_detected_DROP
68.jpeg,saturatedfats,0.5,0,0,0,D_not_detected_DROP
68.jpeg,carbohydrate,5.2,0,0,0,D_not_detected_DROP
68.jpeg,sugars,2.1,0,0,0,D_not_detected_DROP
68.jpeg,protein,84.0,0,0,0,D_not_detected_DROP
68.jpeg,salt,0.42,0,0,0,D_not_detected_DROP
68.jpeg,lvaline,5.7,0,0,0,D_not_detected_DROP
68.jpeg,lleucine,9.2,0,0,0,D_not_detected_DROP
68.jpeg,lisoleucine,6.2,0,0,0,D_not_detected_DROP
68.jpeg,llysine,8.8,0,0,0,D_not_detected_DROP
68.jpeg,lhistidine,1.5,0,0,0,D_not_detected_DROP
68.jpeg,lmethionine,2.0,1,0,0,C_detected_unmatched
68.jpeg,lphenylalanine,2.6,0,0,0,D_not_detected_DROP
68.jpeg,lthreonine,6.2,0,0,0,D_not_detected_DROP
68.jpeg,ltryptophan,1.6,0,0,0,D_not_detected_DROP
68.jpeg,energy,379.0,0,0,0,D_not_detected_DROP
68.jpeg,energy,89.0,0,0,0,D_not_detected_DROP
68.jpeg,fat,0.1,0,0,0,D_not_detected_DROP
68.jpeg,saturatedfats,0.1,0,0,0,D_not_detected_DROP
68.jpeg,carbohydrate,1.2,0,0,0,D_not_detected_DROP
68.jpeg,sugars,0.5,0,0,0,D_not_detected_DROP
68.jpeg,protein,20.0,0,0,0,D_not_detected_DROP
68.jpeg,salt,0.1,0,0,0,D_not_detected_DROP
68.jpeg,lvaline,1.4,0,0,0,D_not_detected_DROP
68.jpeg,lleucine,2.2,0,0,0,D_not_detected_DROP
68.jpeg,lisoleucine,1.5,0,0,0,D_not_detected_DROP
68.jpeg,llysine,2.1,0,0,0,D_not_detected_DROP
68.jpeg,lhistidine,357.0,0,0,0,D_not_detected_DROP
68.jpeg,lmethionine,472.0,0,0,0,D_not_detected_DROP
68.jpeg,lphenylalanine,629.0,0,0,0,D_not_detected_DROP
68.jpeg,lthreonine,1.5,0,0,0,D_not_detected_DROP
68.jpeg,ltryptophan,384.0,0,0,0,D_not_detected_DROP
78.jpeg,vitamind,50.0,0,0,0,D_not_detected_DROP
78.jpeg,vitamind,2000.0,0,0,0,D_not_detected_DROP
8.png,energy,892.0,0,0,0,D_not_detected_DROP
8.png,energy,213.0,0,0,0,D_not_detected_DROP
8.png,protein,2.2,1,1,0,A_recovered_below
8.png,fat,4.8,1,1,0,A_recovered_below
8.png,saturatedfats,3.4,0,0,0,D_not_detected_DROP
8.png,carbohydrate,41.0,0,0,0,D_not_detected_DROP
8.png,sugars,21.0,0,0,0,D_not_detected_DROP
8.png,fibre,1.9,0,0,0,D_not_detected_DROP
8.png,sodium,43.0,0,0,0,D_not_detected_DROP
8.png,energy,1486.0,0,0,0,D_not_detected_DROP
8.png,energy,355.0,0,0,0,D_not_detected_DROP
8.png,protein,3.7,1,0,1,B_only_above
8.png,fat,7.9,1,0,1,B_only_above
8.png,saturatedfats,5.7,0,0,0,D_not_detected_DROP
8.png,carbohydrate,69.0,0,0,0,D_not_detected_DROP
8.png,sugars,35.0,0,0,0,D_not_detected_DROP
8.png,fibre,3.2,0,0,0,D_not_detected_DROP
8.png,sodium,72.0,0,0,0,D_not_detected_DROP
82.jpeg,energy,0.0,0,0,0,D_not_detected_DROP
82.jpeg,energy,0.0,0,0,0,D_not_detected_DROP
82.jpeg,protein,0.0,0,0,0,D_not_detected_DROP
82.jpeg,carbohydrate,0.0,0,0,0,D_not_detected_DROP
82.jpeg,fat,0.0,0,0,0,D_not_detected_DROP
82.jpeg,creatinemonohydrate,100.0,0,0,0,D_not_detected_DROP
82.jpeg,energy,0.0,0,0,0,D_not_detected_DROP
82.jpeg,energy,0.0,0,0,0,D_not_detected_DROP
82.jpeg,protein,0.0,0,0,0,D_not_detected_DROP
82.jpeg,carbohydrate,0.0,0,0,0,D_not_detected_DROP
82.jpeg,fat,0.0,0,0,0,D_not_detected_DROP
82.jpeg,creatinemonohydrate,3.0,1,0,1,B_only_above
88.png,energy,234.0,0,0,0,D_not_detected_DROP
88.png,energy,55.0,0,0,0,D_not_detected_DROP
88.png,fat,0.7,0,0,0,D_not_detected_DROP
88.png,saturatedfats,0.5,1,1,0,A_recovered_below
88.png,carbohydrate,4.1,1,1,0,A_recovered_below
88.png,sugars,3.5,1,0,0,C_detected_unmatched
88.png,protein,8.0,1,1,0,A_recovered_below
88.png,salt,0.1,1,1,0,A_recovered_below
88.png,energy,772.0,0,0,0,D_not_detected_DROP
88.png,energy,181.0,0,0,0,D_not_detected_DROP
88.png,fat,2.3,1,0,1,B_only_above
88.png,saturatedfats,1.6,1,0,1,B_only_above
88.png,carbohydrate,13.0,1,0,1,B_only_above
88.png,sugars,11.0,1,0,0,C_detected_unmatched
88.png,protein,26.0,1,0,1,B_only_above
88.png,salt,0.33,1,0,1,B_only_above
9.jpeg,zinc,5.0,1,1,0,A_recovered_below
9.jpeg,vitaminc,30.0,1,1,0,A_recovered_below
9.jpeg,zinc,10.0,0,0,0,D_not_detected_DROP
9.jpeg,vitaminc,60.0,1,0,1,B_only_above
90.png,energy,192.0,1,1,0,A_recovered_below
90.png,energy,45.0,0,0,0,D_not_detected_DROP
90.png,fat,0.1,1,1,1,A_recovered_below
90.png,saturatedfats,0.1,1,1,1,A_recovered_below
90.png,carbohydrate,10.0,1,1,0,A_recovered_below
90.png,sugars,10.0,1,1,0,A_recovered_below
90.png,protein,0.1,1,1,1,A_recovered_below
90.png,salt,0.16,1,1,0,A_recovered_below
90.png,energy,115.0,1,0,1,B_only_above
90.png,energy,27.0,0,0,0,D_not_detected_DROP
90.png,fat,0.0,1,0,1,B_only_above
90.png,saturatedfats,0.0,1,0,1,B_only_above
90.png,carbohydrate,6.0,1,0,1,B_only_above
90.png,sugars,6.0,1,0,1,B_only_above
90.png,protein,0.1,1,1,1,A_recovered_below
90.png,salt,0.1,1,1,1,A_recovered_below
90.png,magnesium,56.0,0,0,0,D_not_detected_DROP
91.png,energy,234.0,1,1,0,A_recovered_below
91.png,energy,55.0,0,0,0,D_not_detected_DROP
91.png,fat,0.7,1,1,0,A_recovered_below
91.png,saturatedfats,0.5,1,1,0,A_recovered_below
91.png,carbohydrate,4.1,1,1,0,A_recovered_below
91.png,sugars,8.5,1,1,0,A_recovered_below
91.png,protein,8.0,1,1,0,A_recovered_below
91.png,salt,0.1,1,1,0,A_recovered_below
91.png,energy,772.0,1,0,1,B_only_above
91.png,energy,181.0,0,0,0,D_not_detected_DROP
91.png,fat,2.3,1,0,1,B_only_above
91.png,saturatedfats,1.6,1,0,1,B_only_above
91.png,carbohydrate,13.0,1,0,1,B_only_above
91.png,sugars,11.0,1,0,0,C_detected_unmatched
91.png,protein,26.0,1,0,0,C_detected_unmatched
91.png,salt,0.33,1,0,1,B_only_above
