tag,image_id,gt_nutrient,gt_quantity,gt_unit,gt_context,pred_nutrient,pred_quantity,pred_unit,pred_context,reason
incorrect,1.png,Magnesiumoxid,400,mg,per_daily_dose,Magnesiumoxid,400,mg,per_serving,context: got per_serving expected per_daily_dose
incorrect,1.png,Magnesiumbisglycinat,350,mg,per_daily_dose,Magnesiumbisglycinat,350,mg,per_serving,context: got per_serving expected per_daily_dose
incorrect,1.png,Magnesiummalat,333,mg,per_daily_dose,Magnesiummalat,333,mg,per_serving,context: got per_serving expected per_daily_dose
missing,1.png,Magnesiumsalze der Citronensäure,420,mg,per_daily_dose,,,,,nutrient not found in predictions
incorrect,102.png,Fat,1.0,g,per_serving (1 Riegel* (12.5 g)),Fat,0.1,g,per_serving,qty: got 0.1 expected 1.0
incorrect,102.png,Saturated Fats,0.1,g,per_serving (1 Riegel* (12.5 g)),Saturated Fats,0.79,g,per_serving,qty: got 0.79 expected 0.1
incorrect,102.png,Carbohydrate,7.9,g,per_serving (1 Riegel* (12.5 g)),Carbohydrate,3.9,g,per_serving,qty: got 3.9 expected 7.9
incorrect,102.png,Sugars,3.9,g,per_serving (1 Riegel* (12.5 g)),Sugar,0.6,g,per_serving,qty: got 0.6 expected 3.9
missing,102.png,Energy,356,kcal,per_100g,,,,,nutrient not found in predictions
missing,102.png,Fibre,5.1,g,per_100g,,,,,nutrient not found in predictions
missing,102.png,Energy,45,kcal,per_serving (1 Riegel* (12.5 g)),,,,,nutrient not found in predictions
missing,102.png,Fibre,0.6,g,per_serving (1 Riegel* (12.5 g)),,,,,nutrient not found in predictions
incorrect,103.jpeg,Sugars,51,g,per_100g,Sugars,51,g,of which,context: got of which expected per_100g
incorrect,103.jpeg,Energy,166,kJ,per_serving (pro Port. (12g)),Energy,166,kJ,per_12g,context: got per_12g expected per_serving (pro Port. (12g))
incorrect,103.jpeg,Fat,0.4,g,per_serving (pro Port. (12g)),Fat,0.4,g,per_12g,context: got per_12g expected per_serving (pro Port. (12g))
incorrect,103.jpeg,Carbohydrate,6.1,g,per_serving (pro Port. (12g)),Carbohydrate,6.1,g,per_12g,context: got per_12g expected per_serving (pro Port. (12g))
incorrect,103.jpeg,Sugars,6.1,g,per_serving (pro Port. (12g)),Sugars,6.1,g,of which,context: got of which expected per_serving (pro Port. (12g))
incorrect,103.jpeg,Fibre,1.9,g,per_serving (pro Port. (12g)),Fibre,1.9,g,per_12g,context: got per_12g expected per_serving (pro Port. (12g))
incorrect,103.jpeg,Protein,0.9,g,per_serving (pro Port. (12g)),Protein,0.9,g,per_12g,context: got per_12g expected per_serving (pro Port. (12g))
incorrect,103.jpeg,Salt,0,g,per_serving (pro Port. (12g)),Salt,0,g,per_12g,context: got per_12g expected per_serving (pro Port. (12g))
missing,103.jpeg,Energy,328,kcal,per_100g,,,,,nutrient not found in predictions
missing,103.jpeg,Saturated Fats,0.4,g,per_100g,,,,,nutrient not found in predictions
missing,103.jpeg,Energy,39,kcal,per_serving (pro Port. (12g)),,,,,nutrient not found in predictions
missing,103.jpeg,Saturated Fats,0,g,per_serving (pro Port. (12g)),,,,,nutrient not found in predictions
incorrect,104.jpeg,Sugars,72,g,per_100g,Sugars,7.2,g,per_100g,qty: got 7.2 expected 72
incorrect,104.jpeg,Fibre,10,g,per_100g,Fibre,1.0,g,per_100g,qty: got 1.0 expected 10
incorrect,104.jpeg,Sugars,10,g,per_serving (pro Port. (14g)),Sugars,1.0,g,per_serving,qty: got 1.0 expected 10
missing,104.jpeg,Energy,361,kcal,per_100g,,,,,nutrient not found in predictions
missing,104.jpeg,Saturated Fats,0.6,g,per_100g,,,,,nutrient not found in predictions
missing,104.jpeg,Carbohydrate,72,g,per_100g,,,,,nutrient not found in predictions
missing,104.jpeg,Energy,51,kcal,per_serving (pro Port. (14g)),,,,,nutrient not found in predictions
missing,104.jpeg,Fat,0,g,per_serving (pro Port. (14g)),,,,,nutrient not found in predictions
missing,104.jpeg,Saturated Fats,0,g,per_serving (pro Port. (14g)),,,,,nutrient not found in predictions
missing,104.jpeg,Carbohydrate,10,g,per_serving (pro Port. (14g)),,,,,nutrient not found in predictions
missing,104.jpeg,Fibre,1.4,g,per_serving (pro Port. (14g)),,,,,nutrient not found in predictions
missing,104.jpeg,Protein,0,g,per_serving (pro Port. (14g)),,,,,nutrient not found in predictions
missing,104.jpeg,Salt,0,g,per_serving (pro Port. (14g)),,,,,nutrient not found in predictions
incorrect,105.png,Saturated Fats,0.0,g,per_serving (1 Portion* (12 g)),Saturated Fats,6.3,g,per_serving,qty: got 6.3 expected 0.0
incorrect,105.png,Carbohydrate,6.3,g,per_serving (1 Portion* (12 g)),Carbohydrate,6.2,g,per_serving,qty: got 6.2 expected 6.3
missing,105.png,Energy,313,kcal,per_100g,,,,,nutrient not found in predictions
missing,105.png,Sugars,51.4,g,per_100g,,,,,nutrient not found in predictions
missing,105.png,Energy,38,kcal,per_serving (1 Portion* (12 g)),,,,,nutrient not found in predictions
missing,105.png,Sugars,6.2,g,per_serving (1 Portion* (12 g)),,,,,nutrient not found in predictions
missing,105.png,Salt,0.00,g,per_serving (1 Portion* (12 g)),,,,,nutrient not found in predictions
incorrect,106.png,Magnesium,250,mg,per_serving (Pro Stick),Magnesium,250,mg,per_stick,context: got per_stick expected per_serving (Pro Stick)
incorrect,106.png,Vitamin E,12,mg α-TE,per_serving (Pro Stick),Vitamin E,12,mg,per_stick,unit: got mg expected mg α-TE | context: got per_stick expected per_serving (Pro Stick)
incorrect,107.png,Vitamin B1,1.1,mg,per_daily_dose (1 Tablette (4.3 g)*),Vitamin B1,1.1,mg,per_serving,context: got per_serving expected per_daily_dose (1 Tablette (4.3 g)*)
incorrect,107.png,Vitamin B2,1.4,mg,per_daily_dose (1 Tablette (4.3 g)*),Vitamin B2,1.4,mg,per_serving,context: got per_serving expected per_daily_dose (1 Tablette (4.3 g)*)
incorrect,107.png,Vitamin B6,1.4,mg,per_daily_dose (1 Tablette (4.3 g)*),Vitamin B6,1.4,mg,per_serving,context: got per_serving expected per_daily_dose (1 Tablette (4.3 g)*)
incorrect,107.png,Vitamin C,80,mg,per_daily_dose (1 Tablette (4.3 g)*),Vitamin C,80,mg,per_serving,context: got per_serving expected per_daily_dose (1 Tablette (4.3 g)*)
incorrect,107.png,Niacin,16,mg NE,per_daily_dose (1 Tablette (4.3 g)*),Niacin,16,mg NE,per_serving,context: got per_serving expected per_daily_dose (1 Tablette (4.3 g)*)
incorrect,107.png,Biotin,50,µg,per_daily_dose (1 Tablette (4.3 g)*),Biotin,50,µg,per_serving,context: got per_serving expected per_daily_dose (1 Tablette (4.3 g)*)
incorrect,107.png,Folic Acid,200,µg,per_daily_dose (1 Tablette (4.3 g)*),Folic Acid,200,µg,per_serving,context: got per_serving expected per_daily_dose (1 Tablette (4.3 g)*)
incorrect,107.png,Pantothenic Acid,6,mg,per_daily_dose (1 Tablette (4.3 g)*),Pantothenic Acid,6,mg,per_serving,context: got per_serving expected per_daily_dose (1 Tablette (4.3 g)*)
incorrect,107.png,Vitamin E,12,mg α-TE,per_daily_dose (1 Tablette (4.3 g)*),Vitamin E,12,mg a-TE,per_serving,unit: got mg a-TE expected mg α-TE | context: got per_serving expected per_daily_dose (1 Tablette (4.3 g)*)
incorrect,107.png,Vitamin B12,2.5,µg,per_daily_dose (1 Tablette (4.3 g)*),Vitamin B12,80,mg,per_serving,qty: got 80 expected 2.5 | unit: got mg expected µg | context: got per_serving expected per_daily_dose (1 Tablette (4.3 g)*)
incorrect,108.jpeg,Magnesium,240,mg,per_daily_dose (1 Tablette (5.6 g)*),Magnesium,240,mg,per_serving,context: got per_serving expected per_daily_dose (1 Tablette (5.6 g)*)
incorrect,108.jpeg,Vitamin B1,1.1,mg,per_daily_dose (1 Tablette (5.6 g)*),Vitamin B1,1.1,mg,per_serving,context: got per_serving expected per_daily_dose (1 Tablette (5.6 g)*)
incorrect,108.jpeg,Vitamin B2,1.4,mg,per_daily_dose (1 Tablette (5.6 g)*),Vitamin B2,1.4,mg,per_serving,context: got per_serving expected per_daily_dose (1 Tablette (5.6 g)*)
incorrect,108.jpeg,Vitamin B6,1.4,mg,per_daily_dose (1 Tablette (5.6 g)*),Vitamin B6,1.4,mg,per_serving,context: got per_serving expected per_daily_dose (1 Tablette (5.6 g)*)
incorrect,108.jpeg,Vitamin B12,2.5,µg,per_daily_dose (1 Tablette (5.6 g)*),Vitamin B12,2.5,µg,per_serving,context: got per_serving expected per_daily_dose (1 Tablette (5.6 g)*)
incorrect,108.jpeg,Vitamin C,80,mg,per_daily_dose (1 Tablette (5.6 g)*),Vitamin C,80,mg,per_serving,context: got per_serving expected per_daily_dose (1 Tablette (5.6 g)*)
incorrect,108.jpeg,Folic Acid,200,µg,per_daily_dose (1 Tablette (5.6 g)*),Folic Acid,200,µg,per_serving,context: got per_serving expected per_daily_dose (1 Tablette (5.6 g)*)
incorrect,108.jpeg,Pantothenic Acid,6.0,mg,per_daily_dose (1 Tablette (5.6 g)*),Pantothenic Acid,6.0,mg,per_serving,context: got per_serving expected per_daily_dose (1 Tablette (5.6 g)*)
incorrect,108.jpeg,Vitamin E,12,mg,per_daily_dose (1 Tablette (5.6 g)*),Vitamin E,16,mg,per_serving,qty: got 16 expected 12 | context: got per_serving expected per_daily_dose (1 Tablette (5.6 g)*)
incorrect,108.jpeg,Biotin,50,µg,per_daily_dose (1 Tablette (5.6 g)*),Biotin,200,µg,per_serving,qty: got 200 expected 50 | context: got per_serving expected per_daily_dose (1 Tablette (5.6 g)*)
incorrect,108.jpeg,Niacin,16,mg,per_daily_dose (1 Tablette (5.6 g)*),Niacin,50,µg,per_serving,qty: got 50 expected 16 | unit: got µg expected mg | context: got per_serving expected per_daily_dose (1 Tablette (5.6 g)*)
incorrect,109.jpeg,Saturated Fats,0.2,g,per_100g,Saturated Fats,0.2,g,of which,context: got of which expected per_100g
incorrect,109.jpeg,Sugars,9.8,g,per_100g,Sugars,9.8,g,of which,context: got of which expected per_100g
missing,109.jpeg,Energy,99,kcal,per_100g,,,,,nutrient not found in predictions
missing,109.jpeg,Fibre,1.5,g,per_100g,,,,,nutrient not found in predictions
incorrect,110.jpeg,Melissen Extrakt,15,mg,per_serving (pro Stick),Melissen Extrakt,15,mg,pro Stick,context: got pro Stick expected per_serving (pro Stick)
incorrect,110.jpeg,Pantothenic Acid,3.0,mg,per_serving (pro Stick),Pantothenic Acid,3.0,mg,pro Stick,context: got pro Stick expected per_serving (pro Stick)
incorrect,110.jpeg,Pantothenic Acid,6.0,mg,per_daily_dose (pro 2 Sticks),Pantothenic Acid,6.0,mg,pro 2 Sticks,context: got pro 2 Sticks expected per_daily_dose (pro 2 Sticks)
incorrect,110.jpeg,Niacin,8.0,mg NE,per_serving (pro Stick),Niacin,8.0,mg,pro Stick,unit: got mg expected mg NE | context: got pro Stick expected per_serving (pro Stick)
incorrect,110.jpeg,Niacin,16,mg NE,per_daily_dose (pro 2 Sticks),Niacin,16,mg,pro 2 Sticks,unit: got mg expected mg NE | context: got pro 2 Sticks expected per_daily_dose (pro 2 Sticks)
missing,110.jpeg,Melissen Extrakt,30,mg,per_daily_dose (pro 2 Sticks),,,,,nutrient not found in predictions
incorrect,111.jpeg,Vitamin B12,17.5,µg,per_daily_dose (1 Tagesdosis (8 ml)),Vitamin B12,17.5,µg,per_serving,context: got per_serving expected per_daily_dose (1 Tagesdosis (8 ml))
incorrect,112.jpeg,Vitamin B12,17.5,µg,per_daily_dose (1 Tagesdosis (8 ml)),Vitamin B12,17.5,µg,per_serving,context: got per_serving expected per_daily_dose (1 Tagesdosis (8 ml))
incorrect,113.jpeg,Fat,1.3,g,per_serving (30 g PULVER IN 250ml WASSER),Fat,1.3,g,pro %RM in water,context: got pro %RM in water expected per_serving (30 g PULVER IN 250ml WASSER)
incorrect,113.jpeg,Caffeine,80,mg,per_serving (30 g PULVER IN 250ml WASSER),Caffeine,80,mg,pro portion in water,context: got pro portion in water expected per_serving (30 g PULVER IN 250ml WASSER)
incorrect,113.jpeg,Protein,72.7,g,per_100g,Protein,1.9,g,per_100g,qty: got 1.9 expected 72.7
incorrect,113.jpeg,Saturated Fats,0.9,g,per_serving (30 g PULVER IN 250ml WASSER),Fat,0.9,g,pro portion in water,nutrient: no match | context: got pro portion in water expected per_serving (30 g PULVER IN 250ml WASSER)
missing,113.jpeg,Energy,369,kcal,per_100g,,,,,nutrient not found in predictions
missing,113.jpeg,Energy,464,kJ,per_serving (30 g PULVER IN 250ml WASSER),,,,,nutrient not found in predictions
missing,113.jpeg,Energy,111,kcal,per_serving (30 g PULVER IN 250ml WASSER),,,,,nutrient not found in predictions
missing,113.jpeg,Carbohydrate,2.3,g,per_serving (30 g PULVER IN 250ml WASSER),,,,,nutrient not found in predictions
missing,113.jpeg,Sugars,1.2,g,per_serving (30 g PULVER IN 250ml WASSER),,,,,nutrient not found in predictions
missing,113.jpeg,Fibre,0.6,g,per_serving (30 g PULVER IN 250ml WASSER),,,,,nutrient not found in predictions
missing,113.jpeg,Protein,21.8,g,per_serving (30 g PULVER IN 250ml WASSER),,,,,nutrient not found in predictions
missing,113.jpeg,Salt,0.17,g,per_serving (30 g PULVER IN 250ml WASSER),,,,,nutrient not found in predictions
incorrect,114.jpeg,Energy,462,kJ,per_serving (30 g PULVER IN 250ml WASSER),Energy,462,kJ,per_pro_portion,context: got per_pro_portion expected per_serving (30 g PULVER IN 250ml WASSER)
incorrect,114.jpeg,Fat,1.4,g,per_serving (30 g PULVER IN 250ml WASSER),Fat,1.4,g,per_pro_portion,context: got per_pro_portion expected per_serving (30 g PULVER IN 250ml WASSER)
incorrect,114.jpeg,Sugars,1.2,g,per_serving (30 g PULVER IN 250ml WASSER),Sugars,1.2,g,per_pro_portion,context: got per_pro_portion expected per_serving (30 g PULVER IN 250ml WASSER)
incorrect,114.jpeg,Salt,0.17,g,per_serving (30 g PULVER IN 250ml WASSER),Salt,0.17,g,per_pro_portion,context: got per_pro_portion expected per_serving (30 g PULVER IN 250ml WASSER)
incorrect,114.jpeg,Carbohydrate,2.6,g,per_serving (30 g PULVER IN 250ml WASSER),Carbohydrate,1.2,g,per_pro_portion,qty: got 1.2 expected 2.6 | context: got per_pro_portion expected per_serving (30 g PULVER IN 250ml WASSER)
incorrect,114.jpeg,Protein,21.0,g,per_serving (30 g PULVER IN 250ml WASSER),Protein,42,,per_pro_portion,qty: got 42 expected 21.0 | unit: got  expected g | context: got per_pro_portion expected per_serving (30 g PULVER IN 250ml WASSER)
missing,114.jpeg,Saturated Fats,3.3,g,per_100g,,,,,nutrient not found in predictions
missing,114.jpeg,Fibre,2.8,g,per_100g,,,,,nutrient not found in predictions
missing,114.jpeg,Energy,111,kcal,per_serving (30 g PULVER IN 250ml WASSER),,,,,nutrient not found in predictions
missing,114.jpeg,Saturated Fats,1.0,g,per_serving (30 g PULVER IN 250ml WASSER),,,,,nutrient not found in predictions
missing,114.jpeg,Fibre,0.9,g,per_serving (30 g PULVER IN 250ml WASSER),,,,,nutrient not found in predictions
missing,114.jpeg,Caffeine,80,mg,per_serving (30 g PULVER IN 250ml WASSER),,,,,nutrient not found in predictions
incorrect,115.png,Fat,0,g,per_100g,Fat,0.2,g,davon gesetzte Fettsauren,qty: got 0.2 expected 0 | context: got davon gesetzte Fettsauren expected per_100g
incorrect,115.png,Saturated Fats,0.2,g,per_100g,Saturated Fats,12.0,g,davon gesetzte Fettsauren,qty: got 12.0 expected 0.2 | context: got davon gesetzte Fettsauren expected per_100g
incorrect,115.png,Sugars,10.0,g,per_100g,Sugars,1.6,g,davon Zucker,qty: got 1.6 expected 10.0 | context: got davon Zucker expected per_100g
incorrect,115.png,Fibre,1.6,g,per_100g,Fibre,11.0,g,per_100g,qty: got 11.0 expected 1.6
incorrect,115.png,Protein,11.0,g,per_100g,Protein,0.05,g,per_100g,qty: got 0.05 expected 11.0
missing,115.png,Energy,103,kcal,per_100g,,,,,nutrient not found in predictions
missing,115.png,Carbohydrate,12.0,g,per_100g,,,,,nutrient not found in predictions
incorrect,116.jpeg,Fat,3.5,g,per_serving (PORTION**),Fat,3.5,g,per_portion,context: got per_portion expected per_serving (PORTION**)
incorrect,116.jpeg,Saturated Fats,0.4,g,per_serving (PORTION**),Saturated Fats,0.4,g,per_portion,context: got per_portion expected per_serving (PORTION**)
incorrect,116.jpeg,Carbohydrate,8.2,g,per_serving (PORTION**),Carbohydrate,8.2,g,per_portion,context: got per_portion expected per_serving (PORTION**)
incorrect,116.jpeg,Sugars,1.4,g,per_serving (PORTION**),Sugars,1.4,g,per_portion,context: got per_portion expected per_serving (PORTION**)
incorrect,116.jpeg,Protein,12.0,g,per_serving (PORTION**),Protein,12.0,g,per_portion,context: got per_portion expected per_serving (PORTION**)
incorrect,116.jpeg,Salt,0.61,g,per_serving (PORTION**),Salt,0.61,g,per_portion,context: got per_portion expected per_serving (PORTION**)
missing,116.jpeg,Fibre,12.0,g,per_100g,,,,,nutrient not found in predictions
missing,116.jpeg,Energy,509,kJ,per_serving (PORTION**),,,,,nutrient not found in predictions
missing,116.jpeg,Energy,121,kcal,per_serving (PORTION**),,,,,nutrient not found in predictions
missing,116.jpeg,Fibre,3.7,g,per_serving (PORTION**),,,,,nutrient not found in predictions
incorrect,117.jpeg,Energy,728,kJ,per_serving (45 g),Energy,728,kJ,per_portion,context: got per_portion expected per_serving (45 g)
incorrect,117.jpeg,Fat,6.1,g,per_serving (45 g),Fat,6.1,g,per_portion,context: got per_portion expected per_serving (45 g)
incorrect,117.jpeg,Carbohydrate,16.7,g,per_serving (45 g),Carbohydrate,16.7,g,per_portion,context: got per_portion expected per_serving (45 g)
incorrect,117.jpeg,Sugars,13.5,g,per_serving (45 g),Sugars,13.5,g,per_portion,context: got per_portion expected per_serving (45 g)
incorrect,117.jpeg,Fibre,4.0,g,per_serving (45 g),Fibre,4.0,g,per_portion,context: got per_portion expected per_serving (45 g)
incorrect,117.jpeg,Salt,0.04,g,per_serving (45 g),Salt,0.04,g,per_portion,context: got per_portion expected per_serving (45 g)
missing,117.jpeg,Energy,173,kcal,per_serving (45 g),,,,,nutrient not found in predictions
missing,117.jpeg,Saturated Fats,1.5,g,per_serving (45 g),,,,,nutrient not found in predictions
missing,117.jpeg,Protein,11.0,g,per_serving (45 g),,,,,nutrient not found in predictions
incorrect,118.jpeg,Salt,0.70,g,per_100g,Salt,0.70,g,per_portion,context: got per_portion expected per_100g
incorrect,118.jpeg,Energy,1440,kJ,per_100g,Energy,8.0,kJ,per_portion,qty: got 8.0 expected 1440 | context: got per_portion expected per_100g
incorrect,118.jpeg,Fat,10,g,per_100g,Fat,2.1,g,per_portion,qty: got 2.1 expected 10 | context: got per_portion expected per_100g
incorrect,118.jpeg,Carbohydrate,48,g,per_100g,Carbohydrate,3.2,g,per_portion,qty: got 3.2 expected 48 | context: got per_portion expected per_100g
incorrect,118.jpeg,Sugars,4.0,g,per_100g,Sugars,17,g,per_portion,qty: got 17 expected 4.0 | context: got per_portion expected per_100g
incorrect,118.jpeg,Fibre,3.0,g,per_100g,Fibre,19,g,per_portion,qty: got 19 expected 3.0 | context: got per_portion expected per_100g
incorrect,118.jpeg,Protein,24,g,per_100g,Protein,3.0,g,pro_100g,qty: got 3.0 expected 24 | context: got pro_100g expected per_100g
incorrect,118.jpeg,Fat,8.0,g,per_serving (80 g),Fat,2.6,g,pro_100g,qty: got 2.6 expected 8.0 | context: got pro_100g expected per_serving (80 g)
incorrect,118.jpeg,Carbohydrate,38,g,per_serving (80 g),Carbohydrate,21,g,pro_100g,qty: got 21 expected 38 | context: got pro_100g expected per_serving (80 g)
incorrect,118.jpeg,Sugar Alcohols,21,g,per_100g,Alcohol,2.4,g,per_portion,nutrient: no match | qty: got 2.4 expected 21 | context: got per_portion expected per_100g
missing,118.jpeg,Energy,344,kcal,per_100g,,,,,nutrient not found in predictions
missing,118.jpeg,Saturated Fats,2.6,g,per_100g,,,,,nutrient not found in predictions
missing,118.jpeg,Energy,1152,kJ,per_serving (80 g),,,,,nutrient not found in predictions
missing,118.jpeg,Energy,275,kcal,per_serving (80 g),,,,,nutrient not found in predictions
missing,118.jpeg,Saturated Fats,2.1,g,per_serving (80 g),,,,,nutrient not found in predictions
missing,118.jpeg,Sugars,3.2,g,per_serving (80 g),,,,,nutrient not found in predictions
missing,118.jpeg,Sugar Alcohols,17,g,per_serving (80 g),,,,,nutrient not found in predictions
missing,118.jpeg,Fibre,2.4,g,per_serving (80 g),,,,,nutrient not found in predictions
missing,118.jpeg,Protein,19,g,per_serving (80 g),,,,,nutrient not found in predictions
missing,118.jpeg,Salt,0.56,g,per_serving (80 g),,,,,nutrient not found in predictions
incorrect,119.jpeg,Fat,11,g,per_100g,Fat,2.4,g,per_serving,qty: got 2.4 expected 11 | context: got per_serving expected per_100g
incorrect,119.jpeg,Carbohydrate,47,g,per_100g,Carbohydrate,3.2,g,per_serving,qty: got 3.2 expected 47 | context: got per_serving expected per_100g
incorrect,119.jpeg,Sugars,4.0,g,per_100g,Sugars,17.0,g,per_serving,qty: got 17.0 expected 4.0 | context: got per_serving expected per_100g
incorrect,119.jpeg,Energy,1177,kJ,per_serving (80 g),Energy,11.77,kJ,per_serving,qty: got 11.77 expected 1177
incorrect,119.jpeg,Energy,282,kcal,per_serving (80 g),Energy,28.2,kcal,per_serving,qty: got 28.2 expected 282
incorrect,119.jpeg,Fat,8.4,g,per_serving (80 g),Fat,3.0,g,per_100g,qty: got 3.0 expected 8.4 | context: got per_100g expected per_serving (80 g)
incorrect,119.jpeg,Carbohydrate,38,g,per_serving (80 g),Carbohydrate,4.0,g,per_100g,qty: got 4.0 expected 38 | context: got per_100g expected per_serving (80 g)
incorrect,119.jpeg,Sugars,3.2,g,per_serving (80 g),Sugars,21.0,g,per_100g,qty: got 21.0 expected 3.2 | context: got per_100g expected per_serving (80 g)
incorrect,119.jpeg,Salt,0.56,g,per_serving (80 g),Salt,0.70,g,per_serving,qty: got 0.70 expected 0.56
missing,119.jpeg,Saturated Fats,3.0,g,per_100g,,,,,nutrient not found in predictions
missing,119.jpeg,Sugar Alcohols,21,g,per_100g,,,,,nutrient not found in predictions
missing,119.jpeg,Fibre,4.5,g,per_100g,,,,,nutrient not found in predictions
missing,119.jpeg,Protein,24,g,per_100g,,,,,nutrient not found in predictions
missing,119.jpeg,Saturated Fats,2.4,g,per_serving (80 g),,,,,nutrient not found in predictions
missing,119.jpeg,Sugar Alcohols,17,g,per_serving (80 g),,,,,nutrient not found in predictions
missing,119.jpeg,Fibre,3.6,g,per_serving (80 g),,,,,nutrient not found in predictions
missing,119.jpeg,Protein,19,g,per_serving (80 g),,,,,nutrient not found in predictions
incorrect,12.png,Energy,547,kJ,per_100ml,Energy,547 kJ,kJ,per_100ml,qty: got 547 kJ expected 547
incorrect,12.png,Energy,129,kcal,per_100ml,Energy,129 kcal,kcal,per_100ml,qty: got 129 kcal expected 129
incorrect,12.png,Fat,0.0,g,per_100ml,Fat,0.0g,g,per_100ml,qty: got 0.0g expected 0.0
incorrect,12.png,Carbohydrate,32,g,per_100ml,Carbohydrate,32g,g,per_100ml,qty: got 32g expected 32
incorrect,12.png,Sugars,1.1,g,per_100ml,Sugars,1.1g,g,per_100ml,qty: got 1.1g expected 1.1
incorrect,12.png,Protein,0.1,g,per_100ml,Protein,0.1g,g,per_100ml,qty: got 0.1g expected 0.1
incorrect,12.png,Salt,0.6,g,per_100ml,Salt,0.6g,g,per_100ml,qty: got 0.6g expected 0.6
incorrect,12.png,Energy,328,kJ,per_serving (60ml),Energy,60 kJ,kJ,per_serving,qty: got 60 kJ expected 328
incorrect,12.png,Energy,77,kcal,per_serving (60ml),Energy,77 kcal,kcal,per_serving,qty: got 77 kcal expected 77
incorrect,12.png,Fat,0.0,g,per_serving (60ml),Fat,0.0g,g,per_serving,qty: got 0.0g expected 0.0
incorrect,12.png,Carbohydrate,19,g,per_serving (60ml),Carbohydrate,19g,g,per_serving,qty: got 19g expected 19
incorrect,12.png,Sugars,0.7,g,per_serving (60ml),Sugars,0.7g,g,per_serving,qty: got 0.7g expected 0.7
incorrect,12.png,Protein,0.0,g,per_serving (60ml),Protein,0.0g,g,per_serving,qty: got 0.0g expected 0.0
incorrect,12.png,Salt,0.4,g,per_serving (60ml),Salt,0.4g,g,per_serving,qty: got 0.4g expected 0.4
missing,12.png,Saturated Fats,0.0,g,per_100ml,,,,,nutrient not found in predictions
missing,12.png,Saturated Fats,0.0,g,per_serving (60ml),,,,,nutrient not found in predictions
incorrect,120.jpeg,Inositol,100,mg,per_daily_dose (10 G),Inositol,100,mg,per_100g,context: got per_100g expected per_daily_dose (10 G)
incorrect,120.jpeg,Alpha-Liponsäure,42,mg,per_daily_dose (10 G),Alpha-Liponsäure,42,mg,per_100g,context: got per_100g expected per_daily_dose (10 G)
incorrect,120.jpeg,Choline,20,mg,per_daily_dose (10 G),Choline,20,mg,per_100g,context: got per_100g expected per_daily_dose (10 G)
incorrect,120.jpeg,Vitamin C,250,mg,per_daily_dose (10 G),Vitamin C,250,mg,pro_10_g,context: got pro_10_g expected per_daily_dose (10 G)
incorrect,120.jpeg,Niacin,16,mg,per_daily_dose (10 G),Niacin,16,mg,pro_10_g,context: got pro_10_g expected per_daily_dose (10 G)
incorrect,120.jpeg,Vitamin E,30,mg,per_daily_dose (10 G),Vitamin E,30,mg,pro_10_g,context: got pro_10_g expected per_daily_dose (10 G)
incorrect,120.jpeg,Pantothenic Acid,5,mg,per_daily_dose (10 G),Pantothenic Acid,5,mg,pro_10_g,context: got pro_10_g expected per_daily_dose (10 G)
incorrect,120.jpeg,Vitamin B6,0.9,mg,per_daily_dose (10 G),Vitamin B6,0.9,mg,pro_10_g,context: got pro_10_g expected per_daily_dose (10 G)
incorrect,120.jpeg,Vitamin B2,1.1,mg,per_daily_dose (10 G),Vitamin B2,1.1,mg,pro_10_g,context: got pro_10_g expected per_daily_dose (10 G)
incorrect,120.jpeg,Vitamin B1,1,mg,per_daily_dose (10 G),Vitamin B1,1,mg,pro_10_g,context: got pro_10_g expected per_daily_dose (10 G)
incorrect,120.jpeg,Folic Acid,200,µg,per_daily_dose (10 G),Folic Acid,200,µg,pro_10_g,context: got pro_10_g expected per_daily_dose (10 G)
incorrect,120.jpeg,Vitamin B12,4.1,µg,per_daily_dose (10 G),Vitamin B12,4.1,µg,pro_10_g,context: got pro_10_g expected per_daily_dose (10 G)
incorrect,120.jpeg,Vitamin D3,5.2,µg,per_daily_dose (10 G),Vitamin D3,5.2,µg,pro_10_g,context: got pro_10_g expected per_daily_dose (10 G)
incorrect,120.jpeg,Vitamin K,60.4,µg,per_daily_dose (10 G),Vitamin K,60.4,µg,pro_10_g,context: got pro_10_g expected per_daily_dose (10 G)
incorrect,120.jpeg,Calcium,121,mg,per_daily_dose (10 G),Calcium,121,mg,pro_10_g,context: got pro_10_g expected per_daily_dose (10 G)
incorrect,120.jpeg,Zinc,6.5,mg,per_daily_dose (10 G),Zinc,6.5,mg,pro_10_g,context: got pro_10_g expected per_daily_dose (10 G)
incorrect,120.jpeg,Molybdenum,45,µg,per_daily_dose (10 G),Molybdenum,45,µg,pro_10_g,context: got pro_10_g expected per_daily_dose (10 G)
incorrect,120.jpeg,Biotin,40,µg,per_daily_dose (10 G),Biotin,40,mg,pro_10_g,unit: got mg expected µg | context: got pro_10_g expected per_daily_dose (10 G)
incorrect,120.jpeg,Iodine,100,µg,per_daily_dose (10 G),Iodine,22,µg,pro_10_g,qty: got 22 expected 100 | context: got pro_10_g expected per_daily_dose (10 G)
incorrect,120.jpeg,Copper,1,mg,per_daily_dose (10 G),Copper,0.4,mg,pro_10_g,qty: got 0.4 expected 1 | context: got pro_10_g expected per_daily_dose (10 G)
incorrect,120.jpeg,Chromium,25,µg,per_daily_dose (10 G),Chromium,45,µg,pro_10_g,qty: got 45 expected 25 | context: got pro_10_g expected per_daily_dose (10 G)
incorrect,120.jpeg,Lactobacillus Acidophilus,3.6 x 10^8,KBE,per_daily_dose (10 G),Lactobacillus Acidophilus,3.6,x 10^8 KBE,per_100g,qty: got 3.6 expected 3.6 x 10^8 | unit: got x 10^8 KBE expected KBE | context: got per_100g expected per_daily_dose (10 G)
incorrect,120.jpeg,Selenium,22,µg,per_daily_dose (10 G),Selenium,1,mg,pro_10_g,qty: got 1 expected 22 | unit: got mg expected µg | context: got pro_10_g expected per_daily_dose (10 G)
incorrect,120.jpeg,Manganese,0.4,mg,per_daily_dose (10 G),Manganese,25,µg,pro_10_g,qty: got 25 expected 0.4 | unit: got µg expected mg | context: got pro_10_g expected per_daily_dose (10 G)
incorrect,120.jpeg,Rutin,20,mg,per_daily_dose (10 G),Rutinin,3.6,x 10^8 KBE,per_100g,qty: got 3.6 expected 20 | unit: got x 10^8 KBE expected mg | context: got per_100g expected per_daily_dose (10 G)
missing,120.jpeg,Bifidobacterium Bifidum,3.6 x 10^8,KBE,per_daily_dose (10 G),,,,,nutrient not found in predictions
incorrect,121.jpeg,Fat,5.2,g,per_serving (45g),Fat,5.2,g,per_portion,context: got per_portion expected per_serving (45g)
incorrect,121.jpeg,Fibre,7.9,g,per_serving (45g),Fibre,7.9,g,per_portion,context: got per_portion expected per_serving (45g)
incorrect,121.jpeg,Salt,0.09,g,per_serving (45g),Salt,0.09,g,per_portion,context: got per_portion expected per_serving (45g)
incorrect,121.jpeg,Energy,631,kJ,per_serving (45g),Energy,631,kJ/151,per_portion,unit: got kJ/151 expected kJ | context: got per_portion expected per_serving (45g)
incorrect,121.jpeg,Carbohydrate,20,g,per_100g,Carbohydrate,2.9,g,per_portion,qty: got 2.9 expected 20 | context: got per_portion expected per_100g
incorrect,121.jpeg,Carbohydrate,9.1,g,per_serving (45g),Carbohydrate,6.5,g,per_100g,qty: got 6.5 expected 9.1 | context: got per_100g expected per_serving (45g)
incorrect,121.jpeg,Energy,1.401,kJ,per_100g,Energy,1401,kJ/336,per_100g,qty: got 1401 expected 1.401 | unit: got kJ/336 expected kJ
incorrect,121.jpeg,Sugars,2.2,g,per_serving (45g),Sugar,2.2,g,per_portion,context: got per_portion expected per_serving (45g)
incorrect,121.jpeg,Sugar Alcohols,15,g,per_100g,Alcohol,9.1,g,per_portion,nutrient: no match | qty: got 9.1 expected 15 | context: got per_portion expected per_100g
incorrect,121.jpeg,Sugar Alcohols,6.7,g,per_serving (45g),Alcohol,20,g,per_100g,nutrient: no match | qty: got 20 expected 6.7 | context: got per_100g expected per_serving (45g)
missing,121.jpeg,Energy,336,kcal,per_100g,,,,,nutrient not found in predictions
missing,121.jpeg,Saturated Fats,6.5,g,per_100g,,,,,nutrient not found in predictions
missing,121.jpeg,Protein,35,g,per_100g,,,,,nutrient not found in predictions
missing,121.jpeg,Energy,151,kcal,per_serving (45g),,,,,nutrient not found in predictions
missing,121.jpeg,Saturated Fats,2.9,g,per_serving (45g),,,,,nutrient not found in predictions
missing,121.jpeg,Protein,16,g,per_serving (45g),,,,,nutrient not found in predictions
incorrect,15.png,Chloride,4762,mg,per_100g,Chloride,4762,mg,per_serving,context: got per_serving expected per_100g
incorrect,15.png,Calcium,1428,mg,per_100g,Calcium,1428,mg,per_serving,context: got per_serving expected per_100g
incorrect,15.png,Energy,38,kcal,per_100g,Energy,8,kcal,per_serving,qty: got 8 expected 38 | context: got per_serving expected per_100g
incorrect,15.png,Fat,0,g,per_100g,Fat,0.6,g,per_100g,qty: got 0.6 expected 0
incorrect,15.png,Carbohydrate,13.1,g,per_100g,Carbohydrate,1.31,g,per_100g,qty: got 1.31 expected 13.1
incorrect,15.png,Sodium,5.952,mg,per_100g,Sodium,5962,mg,per_serving,qty: got 5962 expected 5.952 | context: got per_serving expected per_100g
incorrect,15.png,Potassium,3571,mg,per_100g,Potassium,840,mg,per_serving,qty: got 840 expected 3571 | context: got per_serving expected per_100g
missing,15.png,Energy,161,kJ,per_100g,,,,,nutrient not found in predictions
missing,15.png,Saturated Fats,0,g,per_100g,,,,,nutrient not found in predictions
missing,15.png,Salt,15.0,g,per_100g,,,,,nutrient not found in predictions
missing,15.png,Caffeine,1785,mg,per_100g,,,,,nutrient not found in predictions
missing,15.png,Energy,6.8,kJ,per_serving (4.2 g),,,,,nutrient not found in predictions
missing,15.png,Energy,1.6,kcal,per_serving (4.2 g),,,,,nutrient not found in predictions
missing,15.png,Fat,0,g,per_serving (4.2 g),,,,,nutrient not found in predictions
missing,15.png,Saturated Fats,0,g,per_serving (4.2 g),,,,,nutrient not found in predictions
missing,15.png,Carbohydrate,0.6,g,per_serving (4.2 g),,,,,nutrient not found in predictions
missing,15.png,Sugars,0,g,per_serving (4.2 g),,,,,nutrient not found in predictions
missing,15.png,Protein,0,g,per_serving (4.2 g),,,,,nutrient not found in predictions
missing,15.png,Salt,0.63,g,per_serving (4.2 g),,,,,nutrient not found in predictions
missing,15.png,Sodium,250,mg,per_serving (4.2 g),,,,,nutrient not found in predictions
missing,15.png,Potassium,150,mg,per_serving (4.2 g),,,,,nutrient not found in predictions
missing,15.png,Chloride,200,mg,per_serving (4.2 g),,,,,nutrient not found in predictions
missing,15.png,Magnesium,28.1,mg,per_serving (4.2 g),,,,,nutrient not found in predictions
missing,15.png,Calcium,60,mg,per_serving (4.2 g),,,,,nutrient not found in predictions
missing,15.png,Caffeine,75.0,mg,per_serving (4.2 g),,,,,nutrient not found in predictions
missing,15.png,Energy,13.6,kJ,per_daily_dose (2 x 4.2 g),,,,,nutrient not found in predictions
missing,15.png,Energy,3.2,kcal,per_daily_dose (2 x 4.2 g),,,,,nutrient not found in predictions
missing,15.png,Fat,0,g,per_daily_dose (2 x 4.2 g),,,,,nutrient not found in predictions
missing,15.png,Saturated Fats,0,g,per_daily_dose (2 x 4.2 g),,,,,nutrient not found in predictions
missing,15.png,Carbohydrate,1.1,g,per_daily_dose (2 x 4.2 g),,,,,nutrient not found in predictions
missing,15.png,Sugars,0,g,per_daily_dose (2 x 4.2 g),,,,,nutrient not found in predictions
missing,15.png,Protein,0,g,per_daily_dose (2 x 4.2 g),,,,,nutrient not found in predictions
missing,15.png,Salt,1.26,g,per_daily_dose (2 x 4.2 g),,,,,nutrient not found in predictions
missing,15.png,Sodium,500,mg,per_daily_dose (2 x 4.2 g),,,,,nutrient not found in predictions
missing,15.png,Potassium,300,mg,per_daily_dose (2 x 4.2 g),,,,,nutrient not found in predictions
missing,15.png,Chloride,400,mg,per_daily_dose (2 x 4.2 g),,,,,nutrient not found in predictions
missing,15.png,Magnesium,56.3,mg,per_daily_dose (2 x 4.2 g),,,,,nutrient not found in predictions
missing,15.png,Calcium,120,mg,per_daily_dose (2 x 4.2 g),,,,,nutrient not found in predictions
missing,15.png,Caffeine,150,mg,per_daily_dose (2 x 4.2 g),,,,,nutrient not found in predictions
incorrect,17.png,Caffeine,100,mg,per_serving (piece),Caffeine,100,mg,%NRV,context: got %NRV expected per_serving (piece)
incorrect,17.png,Niacin,2.4,mg NE,per_serving (piece),Niacin,2.4,mg,per_serving,unit: got mg expected mg NE
incorrect,2.png,Energy,837,kJ,per_serving (1 Tube (70g)),Energy,837,kJ,per_100g,context: got per_100g expected per_serving (1 Tube (70g))
incorrect,2.png,Fat,0,g,per_serving (1 Tube (70g)),Fat,0,g,per_100g,context: got per_100g expected per_serving (1 Tube (70g))
incorrect,2.png,Protein,0,g,per_serving (1 Tube (70g)),Protein,0,g,per_100g,context: got per_100g expected per_serving (1 Tube (70g))
incorrect,2.png,Salt,0.30,g,per_serving (1 Tube (70g)),Salt,0.30,g,per_100g,context: got per_100g expected per_serving (1 Tube (70g))
incorrect,2.png,Sugars,25,g,per_serving (1 Tube (70g)),Sugars,70,g,per_100g,qty: got 70 expected 25 | context: got per_100g expected per_serving (1 Tube (70g))
missing,2.png,Energy,281,kcal,per_100g,,,,,nutrient not found in predictions
missing,2.png,Saturated Fats,0,g,per_100g,,,,,nutrient not found in predictions
missing,2.png,Carbohydrate,70,g,per_100g,,,,,nutrient not found in predictions
missing,2.png,Energy,197,kcal,per_serving (1 Tube (70g)),,,,,nutrient not found in predictions
missing,2.png,Saturated Fats,0,g,per_serving (1 Tube (70g)),,,,,nutrient not found in predictions
missing,2.png,Carbohydrate,50,g,per_serving (1 Tube (70g)),,,,,nutrient not found in predictions
incorrect,20.png,Caffeine,37.5,mg,per_daily_dose (1 Portion = 15 g),Caffeine,37.5,mg,per_100g,context: got per_100g expected per_daily_dose (1 Portion = 15 g)
incorrect,20.png,Vitamin C,800,mg,per_100g (100 g Pulver),Vitamin C,250,mg,per_100g,qty: got 250 expected 800
incorrect,20.png,Folic Acid,1333,µg,per_100g (100 g Pulver),Folic Acid,153,µg,per_100g,qty: got 153 expected 1333
incorrect,20.png,Vitamin B12,6.7,µg,per_100g (100 g Pulver),Vitamin B12,1.9,µg,per_100g,qty: got 1.9 expected 6.7
incorrect,20.png,Vitamin C,37.5,mg,per_daily_dose (1 Portion = 15 g),Vitamin C,225,mg,per_serving,qty: got 225 expected 37.5 | context: got per_serving expected per_daily_dose (1 Portion = 15 g)
incorrect,20.png,Niacin,240,mg NE,per_100g (100 g Pulver),Niacin,130,"%,",per_100g,"qty: got 130 expected 240 | unit: got %, expected mg NE"
incorrect,20.png,Vitamin E,67,mg α-TE,per_100g (100 g Pulver),Vitamin E,6,mg,per_100g,qty: got 6 expected 67 | unit: got mg expected mg α-TE
incorrect,20.png,Vitamin B6,13.3,mg,per_100g (100 g Pulver),Vitamin B6,200,µg,per_100g,qty: got 200 expected 13.3 | unit: got µg expected mg
incorrect,20.png,Vitamin B2,10.7,mg,per_100g (100 g Pulver),Vitamin B2,67,"%,",per_100g,"qty: got 67 expected 10.7 | unit: got %, expected mg"
incorrect,20.png,Vitamin A,2220,µg RE,per_100g (100 g Pulver),Vitamin A,800,µg,per_daily_dose,qty: got 800 expected 2220 | unit: got µg expected µg RE | context: got per_daily_dose expected per_100g (100 g Pulver)
incorrect,20.png,Magnesium,45,mg,per_daily_dose (1 Portion = 15 g),Magnesium,15,%,per_daily_dose,qty: got 15 expected 45 | unit: got % expected mg
incorrect,20.png,Niacin,16,mg NE,per_daily_dose (1 Portion = 15 g),Niacin,150,%,per_serving,qty: got 150 expected 16 | unit: got % expected mg NE | context: got per_serving expected per_daily_dose (1 Portion = 15 g)
incorrect,20.png,Vitamin E,10,mg α-TE,per_daily_dose (1 Portion = 15 g),Vitamin E,125,%,per_serving,qty: got 125 expected 10 | unit: got % expected mg α-TE | context: got per_serving expected per_daily_dose (1 Portion = 15 g)
incorrect,20.png,Pantothenic Acid,6,mg,per_daily_dose (1 Portion = 15 g),Pantothenic Acid,667,%,per_serving,qty: got 667 expected 6 | unit: got % expected mg | context: got per_serving expected per_daily_dose (1 Portion = 15 g)
incorrect,20.png,Vitamin B6,1,mg,per_daily_dose (1 Portion = 15 g),Vitamin B6,667,%,per_serving,qty: got 667 expected 1 | unit: got % expected mg | context: got per_serving expected per_daily_dose (1 Portion = 15 g)
incorrect,20.png,Vitamin B12,1,µg,per_daily_dose (1 Portion = 15 g),Vitamin B12,67,%,per_serving,qty: got 67 expected 1 | unit: got % expected µg | context: got per_serving expected per_daily_dose (1 Portion = 15 g)
missing,20.png,Energy,346,kcal,per_100g (100 g Pulver),,,,,nutrient not found in predictions
missing,20.png,Chloride,667,mg,per_100g (100 g Pulver),,,,,nutrient not found in predictions
missing,20.png,Caffeine,250,mg,per_100g (100 g Pulver),,,,,nutrient not found in predictions
missing,20.png,Vitamin B1,9.3,mg,per_100g (100 g Pulver),,,,,nutrient not found in predictions
missing,20.png,Biotin,1000,µg,per_100g (100 g Pulver),,,,,nutrient not found in predictions
missing,20.png,Energy,223,kJ,per_daily_dose (1 Portion = 15 g),,,,,nutrient not found in predictions
missing,20.png,Energy,52,kcal,per_daily_dose (1 Portion = 15 g),,,,,nutrient not found in predictions
missing,20.png,Protein,0.1,g,per_daily_dose (1 Portion = 15 g),,,,,nutrient not found in predictions
missing,20.png,Carbohydrate,11.7,g,per_daily_dose (1 Portion = 15 g),,,,,nutrient not found in predictions
missing,20.png,Fat,0.1,g,per_daily_dose (1 Portion = 15 g),,,,,nutrient not found in predictions
missing,20.png,Sodium,100,mg,per_daily_dose (1 Portion = 15 g),,,,,nutrient not found in predictions
missing,20.png,Potassium,100,mg,per_daily_dose (1 Portion = 15 g),,,,,nutrient not found in predictions
missing,20.png,Calcium,120,mg,per_daily_dose (1 Portion = 15 g),,,,,nutrient not found in predictions
missing,20.png,Phosphorus,120,mg,per_daily_dose (1 Portion = 15 g),,,,,nutrient not found in predictions
missing,20.png,Selenium,33,µg,per_daily_dose (1 Portion = 15 g),,,,,nutrient not found in predictions
missing,20.png,Vitamin B2,1.6,mg,per_daily_dose (1 Portion = 15 g),,,,,nutrient not found in predictions
missing,20.png,Vitamin B1,200,µg,per_daily_dose (1 Portion = 15 g),,,,,nutrient not found in predictions
missing,20.png,Folic Acid,200,µg,per_daily_dose (1 Portion = 15 g),,,,,nutrient not found in predictions
missing,20.png,Biotin,153,µg,per_daily_dose (1 Portion = 15 g),,,,,nutrient not found in predictions
missing,20.png,Vitamin A,225,µg RE,per_daily_dose (1 Portion = 15 g),,,,,nutrient not found in predictions
incorrect,201.jpeg,Energy,392,kcal,per_100g,Energy,392,kcal,per_serving,context: got per_serving expected per_100g
incorrect,201.jpeg,Carbohydrate,8.1,g,per_100g,Carbohydrate,8.1,g,per_serving,context: got per_serving expected per_100g
incorrect,201.jpeg,Salt,0.05,g,per_100g,Salt,0.05,g,per_serving,context: got per_serving expected per_100g
incorrect,201.jpeg,Energy,1642,kJ,per_100g,Energy,1842,kJ,per_serving,qty: got 1842 expected 1642 | context: got per_serving expected per_100g
incorrect,201.jpeg,Fat,6.7,g,per_100g,Fat,6.79,g,per_serving,qty: got 6.79 expected 6.7 | context: got per_serving expected per_100g
incorrect,201.jpeg,Sugars,7.7,g,per_100g,Sugars,4.2,g,per_serving,qty: got 4.2 expected 7.7 | context: got per_serving expected per_100g
incorrect,201.jpeg,Protein,77,g,per_100g,Protein,7.7,g,per_serving,qty: got 7.7 expected 77 | context: got per_serving expected per_100g
missing,201.jpeg,Saturated Fats,4.2,g,per_100g,,,,,nutrient not found in predictions
missing,201.jpeg,Energy,493,kJ,per_serving (30 g (1 Scoop)),,,,,nutrient not found in predictions
missing,201.jpeg,Energy,118,kcal,per_serving (30 g (1 Scoop)),,,,,nutrient not found in predictions
missing,201.jpeg,Fat,2,g,per_serving (30 g (1 Scoop)),,,,,nutrient not found in predictions
missing,201.jpeg,Saturated Fats,1.3,g,per_serving (30 g (1 Scoop)),,,,,nutrient not found in predictions
missing,201.jpeg,Carbohydrate,2.4,g,per_serving (30 g (1 Scoop)),,,,,nutrient not found in predictions
missing,201.jpeg,Sugars,2.3,g,per_serving (30 g (1 Scoop)),,,,,nutrient not found in predictions
missing,201.jpeg,Protein,23,g,per_serving (30 g (1 Scoop)),,,,,nutrient not found in predictions
missing,201.jpeg,Salt,0.02,g,per_serving (30 g (1 Scoop)),,,,,nutrient not found in predictions
incorrect,26.png,Carbohydrate,56,g,per_100g,Carbohydrate,7,g,per_100g,qty: got 7 expected 56
incorrect,26.png,Sugars,7,g,per_100g,Sugars,3.5,g,per_100g,qty: got 3.5 expected 7
incorrect,26.png,Protein,3.5,g,per_100g,Protein,0.11,g,per_100g,qty: got 0.11 expected 3.5
missing,26.png,Energy,225,kcal,per_100g,,,,,nutrient not found in predictions
incorrect,27.png,Fat,0.5,g,per_100g (100 g Pulver),Fat,49,g,pro 100 g Pulver/per 100 g powder,qty: got 49 expected 0.5 | context: got pro 100 g Pulver/per 100 g powder expected per_100g (100 g Pulver)
incorrect,27.png,Magnesium,2000,mg,per_100g (100 g Pulver),Magnesium,4000,mg,pro 100 g Pulver/per 100 g powder,qty: got 4000 expected 2000 | context: got pro 100 g Pulver/per 100 g powder expected per_100g (100 g Pulver)
incorrect,27.png,Zinc,75,mg,per_100g (100 g Pulver),Zinc,2000,mg,pro 100 g Pulver/per 100 g powder,qty: got 2000 expected 75 | context: got pro 100 g Pulver/per 100 g powder expected per_100g (100 g Pulver)
incorrect,27.png,Selenium,251,µg,per_100g (100 g Pulver),Selenium,896,µg,pro 100 g Pulver/per 100 g powder,qty: got 896 expected 251 | context: got pro 100 g Pulver/per 100 g powder expected per_100g (100 g Pulver)
incorrect,27.png,Vitamin D,37,µg,per_100g (100 g Pulver),Vitamin D,251,µg,pro 100 g Pulver/per 100 g powder,qty: got 251 expected 37 | context: got pro 100 g Pulver/per 100 g powder expected per_100g (100 g Pulver)
incorrect,27.png,Protein,0.1,g,per_100g (100 g Pulver),Protein,1254,kJ,pro 100 g Pulver/per 100 g powder,qty: got 1254 expected 0.1 | unit: got kJ expected g | context: got pro 100 g Pulver/per 100 g powder expected per_100g (100 g Pulver)
incorrect,27.png,Calcium,4000,mg,per_100g (100 g Pulver),Calcium,<0.5,g,pro 100 g Pulver/per 100 g powder,qty: got <0.5 expected 4000 | unit: got g expected mg | context: got pro 100 g Pulver/per 100 g powder expected per_100g (100 g Pulver)
incorrect,27.png,Copper,10000,µg,per_100g (100 g Pulver),Copper,75,mg,pro 100 g Pulver/per 100 g powder,qty: got 75 expected 10000 | unit: got mg expected µg | context: got pro 100 g Pulver/per 100 g powder expected per_100g (100 g Pulver)
incorrect,27.png,Manganese,15,mg,per_100g (100 g Pulver),Manganese,10000,µg,pro 100 g Pulver/per 100 g powder,qty: got 10000 expected 15 | unit: got µg expected mg | context: got pro 100 g Pulver/per 100 g powder expected per_100g (100 g Pulver)
incorrect,27.png,Chromium,896,µg,per_100g (100 g Pulver),Chromium,15,mg,pro 100 g Pulver/per 100 g powder,qty: got 15 expected 896 | unit: got mg expected µg | context: got pro 100 g Pulver/per 100 g powder expected per_100g (100 g Pulver)
missing,27.png,Energy,1254,kJ,per_100g (100 g Pulver),,,,,nutrient not found in predictions
missing,27.png,Energy,300,kcal,per_100g (100 g Pulver),,,,,nutrient not found in predictions
missing,27.png,Carbohydrate,49,g,per_100g (100 g Pulver),,,,,nutrient not found in predictions
incorrect,30.png,Protein,2.7,g,per_serving (Per Bar 55g),Protein,2.7,g,per_bar_55g,context: got per_bar_55g expected per_serving (Per Bar 55g)
incorrect,30.png,Fat,5.0,g,per_serving (Per Bar 55g),Fat,5.0,g,per_bar_55g,context: got per_bar_55g expected per_serving (Per Bar 55g)
incorrect,30.png,Saturated Fats,2.7,g,per_serving (Per Bar 55g),Saturated Fats,2.7,g,per_bar_55g,context: got per_bar_55g expected per_serving (Per Bar 55g)
incorrect,30.png,Carbohydrate,39,g,per_serving (Per Bar 55g),Carbohydrate,39,g,per_bar_55g,context: got per_bar_55g expected per_serving (Per Bar 55g)
incorrect,30.png,Sugars,19,g,per_serving (Per Bar 55g),Sugars,19,g,per_bar_55g,context: got per_bar_55g expected per_serving (Per Bar 55g)
incorrect,30.png,Fibre,2.0,g,per_serving (Per Bar 55g),Fibre,2.0,g,per_bar_55g,context: got per_bar_55g expected per_serving (Per Bar 55g)
incorrect,30.png,Sodium,70,mg,per_serving (Per Bar 55g),Sodium,70,mg,per_bar_55g,context: got per_bar_55g expected per_serving (Per Bar 55g)
incorrect,30.png,Energy,907,kJ,per_serving (Per Bar 55g),Energy,907/215,kJ,per_bar_55g,qty: got 907/215 expected 907 | context: got per_bar_55g expected per_serving (Per Bar 55g)
incorrect,30.png,Energy,1649,kJ,per_100g,Energy,1649/391,kJ,per_100g,qty: got 1649/391 expected 1649
incorrect,30.png,Carbohydrate,71,g,per_100g,Carbohydrate,35,g,per_100g,qty: got 35 expected 71
missing,30.png,Energy,215,kcal,per_serving (Per Bar 55g),,,,,nutrient not found in predictions
missing,30.png,Energy,391,kcal,per_100g,,,,,nutrient not found in predictions
missing,30.png,Fibre,3.6,g,per_100g,,,,,nutrient not found in predictions
missing,30.png,Sodium,130,mg,per_100g,,,,,nutrient not found in predictions
incorrect,33.png,Energy,1245,kJ,per_serving (75 g (300 ml)),Energy,1245,kJ,per_75g,context: got per_75g expected per_serving (75 g (300 ml))
incorrect,33.png,Fat,0,g,per_serving (75 g (300 ml)),Fat,0,g,per_75g,context: got per_75g expected per_serving (75 g (300 ml))
incorrect,33.png,Carbohydrate,73,g,per_serving (75 g (300 ml)),Carbohydrate,73,g,per_75g,context: got per_75g expected per_serving (75 g (300 ml))
incorrect,33.png,Sugars,42,g,per_serving (75 g (300 ml)),Sugars,42,g,per_75g,context: got per_75g expected per_serving (75 g (300 ml))
incorrect,33.png,Protein,0,g,per_serving (75 g (300 ml)),Protein,0,g,per_75g,context: got per_75g expected per_serving (75 g (300 ml))
incorrect,33.png,Sodium,158,mg,per_serving (75 g (300 ml)),Sodium,158,mg,per_75g,context: got per_75g expected per_serving (75 g (300 ml))
incorrect,33.png,Calcium,26,mg,per_serving (75 g (300 ml)),Calcium,26,mg,per_75g,context: got per_75g expected per_serving (75 g (300 ml))
incorrect,33.png,Magnesium,19,mg,per_serving (75 g (300 ml)),Magnesium,19,mg,per_75g,context: got per_75g expected per_serving (75 g (300 ml))
incorrect,33.png,Potassium,41,mg,per_serving (75 g (300 ml)),Potassium,41,mg,per_75g,context: got per_75g expected per_serving (75 g (300 ml))
incorrect,33.png,Chloride,105,mg,per_serving (75 g (300 ml)),Chloride,105,mg,per_75g,context: got per_75g expected per_serving (75 g (300 ml))
missing,33.png,Energy,390,kcal,per_100g,,,,,nutrient not found in predictions
missing,33.png,Saturated Fats,0,g,per_100g,,,,,nutrient not found in predictions
missing,33.png,Energy,293,kcal,per_serving (75 g (300 ml)),,,,,nutrient not found in predictions
missing,33.png,Saturated Fats,0,g,per_serving (75 g (300 ml)),,,,,nutrient not found in predictions
missing,33.png,Salt,0.40,g,per_serving (75 g (300 ml)),,,,,nutrient not found in predictions
incorrect,34.png,Calcium,400,mg,per_100g,Calcium,400,mg,per_25g_serving,context: got per_25g_serving expected per_100g
incorrect,34.png,Potassium,400,mg,per_100g,Potassium,400,mg,per_25g_serving,context: got per_25g_serving expected per_100g
incorrect,34.png,Magnesium,100,mg,per_100g,Magnesium,100,mg,per_25g_serving,context: got per_25g_serving expected per_100g
incorrect,34.png,Zinc,2.6,mg,per_100g,Zinc,2.6,mg,per_25g_serving,context: got per_25g_serving expected per_100g
incorrect,34.png,Energy,319,kcal,per_100g,Energy,3190,kcal,per_100g,qty: got 3190 expected 319
missing,34.png,Energy,1356,kJ,per_100g,,,,,nutrient not found in predictions
missing,34.png,Energy,339,kJ,per_serving (25g serving),,,,,nutrient not found in predictions
missing,34.png,Energy,80,kcal,per_serving (25g serving),,,,,nutrient not found in predictions
missing,34.png,Fat,0,g,per_serving (25g serving),,,,,nutrient not found in predictions
missing,34.png,Carbohydrate,20,g,per_serving (25g serving),,,,,nutrient not found in predictions
missing,34.png,Sugars,19,g,per_serving (25g serving),,,,,nutrient not found in predictions
missing,34.png,Fibre,1.2,g,per_serving (25g serving),,,,,nutrient not found in predictions
missing,34.png,Protein,0,g,per_serving (25g serving),,,,,nutrient not found in predictions
missing,34.png,Salt,0.9,g,per_serving (25g serving),,,,,nutrient not found in predictions
missing,34.png,Calcium,100,mg,per_serving (25g serving),,,,,nutrient not found in predictions
missing,34.png,Potassium,100,mg,per_serving (25g serving),,,,,nutrient not found in predictions
missing,34.png,Magnesium,25,mg,per_serving (25g serving),,,,,nutrient not found in predictions
missing,34.png,Zinc,0.7,mg,per_serving (25g serving),,,,,nutrient not found in predictions
missing,34.png,Vitamin C,18,mg,per_serving (25g serving),,,,,nutrient not found in predictions
missing,34.png,Niacin,3.0,mg,per_serving (25g serving),,,,,nutrient not found in predictions
missing,34.png,Vitamin B6,0.8,mg,per_serving (25g serving),,,,,nutrient not found in predictions
missing,34.png,Pantothenic Acid,0.7,mg,per_serving (25g serving),,,,,nutrient not found in predictions
missing,34.png,Vitamin B1,0.2,mg,per_serving (25g serving),,,,,nutrient not found in predictions
missing,34.png,Vitamin B2,0.2,mg,per_serving (25g serving),,,,,nutrient not found in predictions
missing,34.png,Folic Acid,8.4,µg,per_serving (25g serving),,,,,nutrient not found in predictions
missing,34.png,Vitamin B12,0.9,µg,per_serving (25g serving),,,,,nutrient not found in predictions
incorrect,35.jpeg,Magnesium,225,mg,per_serving (pro 3 Tabletten),Magnesium,225,mg,pro 3 Tabletten / (NRV),context: got pro 3 Tabletten / (NRV) expected per_serving (pro 3 Tabletten)
incorrect,4.png,Fat,0,g,per_100g,Fat,6.4,g,per_serving,qty: got 6.4 expected 0 | context: got per_serving expected per_100g
incorrect,4.png,Sugars,6.7,g,per_100g,Sugars,34.0,g,per_serving,qty: got 34.0 expected 6.7 | context: got per_serving expected per_100g
incorrect,4.png,Protein,0.1,g,per_100g,Protein,12.0,g,per_serving,qty: got 12.0 expected 0.1 | context: got per_serving expected per_100g
incorrect,4.png,Salt,0.12,g,per_100g,Salt,0.14,g,per_serving,qty: got 0.14 expected 0.12 | context: got per_serving expected per_100g
missing,4.png,Energy,952,,per_100g,,,,,nutrient not found in predictions
missing,4.png,Energy,224,kcal,per_100g,,,,,nutrient not found in predictions
missing,4.png,Saturated Fats,0,g,per_100g,,,,,nutrient not found in predictions
missing,4.png,Carbohydrate,56,g,per_100g,,,,,nutrient not found in predictions
incorrect,41.png,Sugars,4.5,g,per_100g,Sugars,4.5,g,of which sugars,context: got of which sugars expected per_100g
incorrect,41.png,Energy,612,kJ,per_100g,Energy,612,kJ/kcal,per_100g,unit: got kJ/kcal expected kJ
missing,41.png,Energy,144,kcal,per_100g,,,,,nutrient not found in predictions
missing,41.png,Protein,0,g,per_100g,,,,,nutrient not found in predictions
missing,41.png,Salt,0.10,g,per_100g,,,,,nutrient not found in predictions
missing,42.png,Energy,176,kcal,per_serving (PER SERVE 47g),,,,,nutrient not found in predictions
missing,42.png,Energy,374,kcal,per_100g,,,,,nutrient not found in predictions
missing,42.png,Protein,0.1,g,per_100g,,,,,nutrient not found in predictions
missing,42.png,Fat,0,g,per_100g,,,,,nutrient not found in predictions
missing,42.png,Saturated Fats,0,g,per_100g,,,,,nutrient not found in predictions
incorrect,45_1.png,Energy,736,kJ,per_serving (1 SERV. 47g),Energy,736,kJ/kcal,per_serving,unit: got kJ/kcal expected kJ
incorrect,45_1.png,Energy,1567,kJ,per_100g,Energy,1567,kJ/kcal,per_100g,unit: got kJ/kcal expected kJ
missing,45_1.png,Energy,176,kcal,per_serving (1 SERV. 47g),,,,,nutrient not found in predictions
missing,45_1.png,Energy,374,kcal,per_100g,,,,,nutrient not found in predictions
missing,45_1.png,Fat,0,g,per_100g,,,,,nutrient not found in predictions
incorrect,51.png,Energy,925,kJ,per_serving (60 g),Energy,925,kJ,per_60g,context: got per_60g expected per_serving (60 g)
incorrect,51.png,Fat,< 0.5,g,per_serving (60 g),Fat,<0.5,g,per_60g,context: got per_60g expected per_serving (60 g)
incorrect,51.png,Saturated Fats,< 0.5,g,per_serving (60 g),Saturated Fats,<0.5,g,per_60g,context: got per_60g expected per_serving (60 g)
incorrect,51.png,Sugars,37,g,per_serving (60 g),Sugars,37,g,per_60g,context: got per_60g expected per_serving (60 g)
incorrect,51.png,Protein,4.0,g,per_serving (60 g),Protein,4.0,g,per_60g,context: got per_60g expected per_serving (60 g)
incorrect,51.png,Salt,0.08,g,per_serving (60 g),Salt,0.08,g,per_60g,context: got per_60g expected per_serving (60 g)
incorrect,51.png,Vitamin B6,0.21,mg,per_serving (60 g),Vitamin B6,0.21,mg,per_100g,context: got per_100g expected per_serving (60 g)
missing,51.png,Energy,363,kcal,per_100g,,,,,nutrient not found in predictions
missing,51.png,Carbohydrate,84,g,per_100g,,,,,nutrient not found in predictions
missing,51.png,Vitamin B6,0.35,mg,per_100g,,,,,nutrient not found in predictions
missing,51.png,Energy,218,kcal,per_serving (60 g),,,,,nutrient not found in predictions
missing,51.png,Carbohydrate,50,g,per_serving (60 g),,,,,nutrient not found in predictions
incorrect,53.png,Carbohydrate,50,g,per_serving (60 g),Carbohydrate,37,g,per_serving,qty: got 37 expected 50
missing,53.png,Energy,363,kcal,per_100g,,,,,nutrient not found in predictions
missing,53.png,Energy,218,kcal,per_serving (60 g),,,,,nutrient not found in predictions
missing,53.png,Sugars,37,g,per_serving (60 g),,,,,nutrient not found in predictions
missing,53.png,Salt,0.08,g,per_serving (60 g),,,,,nutrient not found in predictions
missing,53.png,Vitamin B6,0.21,mg,per_serving (60 g),,,,,nutrient not found in predictions
incorrect,56.jpeg,Energy,383,kcal,per_100g,Energy,383,kcal,pro_100g,context: got pro_100g expected per_100g
incorrect,56.jpeg,Protein,83,g,per_100g,Protein,83,g,pro_100g,context: got pro_100g expected per_100g
incorrect,56.jpeg,Carbohydrate,3.67,g,per_100g,Carbohydrate,3.67,g,pro_100g,context: got pro_100g expected per_100g
incorrect,56.jpeg,Fat,4.3,g,per_100g,Fat,4.99,g,pro_100g,qty: got 4.99 expected 4.3 | context: got pro_100g expected per_100g
missing,56.jpeg,Energy,1604,kJ,per_100g,,,,,nutrient not found in predictions
missing,56.jpeg,Energy,23,kcal,per_serving (pro Esslöffel (6 g)),,,,,nutrient not found in predictions
missing,56.jpeg,Energy,96.2,kJ,per_serving (pro Esslöffel (6 g)),,,,,nutrient not found in predictions
missing,56.jpeg,Protein,4.99,g,per_serving (pro Esslöffel (6 g)),,,,,nutrient not found in predictions
missing,56.jpeg,Carbohydrate,0.22,g,per_serving (pro Esslöffel (6 g)),,,,,nutrient not found in predictions
missing,56.jpeg,Fat,0.26,g,per_serving (pro Esslöffel (6 g)),,,,,nutrient not found in predictions
incorrect,57.jpeg,Protein,4.99,g,per_serving (pro Esslöffel (6 g)),Protein,4.99,g,per_teaspoon,context: got per_teaspoon expected per_serving (pro Esslöffel (6 g))
incorrect,57.jpeg,Fat,4.3,g,per_100g,Fat,0.22,g,per_teaspoon,qty: got 0.22 expected 4.3 | context: got per_teaspoon expected per_100g
missing,57.jpeg,Energy,1604,kJ,per_100g,,,,,nutrient not found in predictions
missing,57.jpeg,Protein,83,g,per_100g,,,,,nutrient not found in predictions
missing,57.jpeg,Energy,23,kcal,per_serving (pro Esslöffel (6 g)),,,,,nutrient not found in predictions
missing,57.jpeg,Energy,96.2,kJ,per_serving (pro Esslöffel (6 g)),,,,,nutrient not found in predictions
missing,57.jpeg,Carbohydrate,0.22,g,per_serving (pro Esslöffel (6 g)),,,,,nutrient not found in predictions
missing,57.jpeg,Fat,0.26,g,per_serving (pro Esslöffel (6 g)),,,,,nutrient not found in predictions
incorrect,59.png,Energy,1391,kJ,per_100g (100 g Pulver),Energy,1391,kJ,pro per 100 g Pulver,context: got pro per 100 g Pulver expected per_100g (100 g Pulver)
incorrect,59.png,Energy,330,kcal,per_100g (100 g Pulver),Energy,330,kcal,pro per 100 g Pulver,context: got pro per 100 g Pulver expected per_100g (100 g Pulver)
incorrect,59.png,Protein,0.7,g,per_100g (100 g Pulver),Protein,0.7,g,pro per 100 g Pulver,context: got pro per 100 g Pulver expected per_100g (100 g Pulver)
incorrect,59.png,Carbohydrate,66.6,g,per_100g (100 g Pulver),Carbohydrate,66.6,g,pro per 100 g Pulver,context: got pro per 100 g Pulver expected per_100g (100 g Pulver)
incorrect,59.png,Carbohydrate,13.3,g,per_daily_dose (1 Portion = 20 g Pulver),Carbohydrate,13.3,g,pro per Portion,context: got pro per Portion expected per_daily_dose (1 Portion = 20 g Pulver)
incorrect,59.png,Vitamin C,60,mg,per_daily_dose (1 Portion = 20 g Pulver),Vitamin C,60,mg,per_serving,context: got per_serving expected per_daily_dose (1 Portion = 20 g Pulver)
incorrect,59.png,Vitamin A,333,µg RE,per_daily_dose (1 Portion = 20 g Pulver),Vitamin A,333,µg,per_serving,unit: got µg expected µg RE | context: got per_serving expected per_daily_dose (1 Portion = 20 g Pulver)
incorrect,59.png,Fat,0.3,g,per_100g (100 g Pulver),Fat,12.7,g,pro per Portion,qty: got 12.7 expected 0.3 | context: got pro per Portion expected per_100g (100 g Pulver)
incorrect,59.png,Sodium,<0.1,g,per_100g (100 g Pulver),Sodium,25,g,pro per 100 g Pulver,qty: got 25 expected <0.1 | context: got pro per 100 g Pulver expected per_100g (100 g Pulver)
incorrect,59.png,Sodium,<0.02,g,per_daily_dose (1 Portion = 20 g Pulver),Sodium,5,g,pro per Portion,qty: got 5 expected <0.02 | context: got pro per Portion expected per_daily_dose (1 Portion = 20 g Pulver)
incorrect,59.png,Vitamin C,300,mg,per_100g (100 g Pulver),Vitamin C,150,µg,per_100g,qty: got 150 expected 300 | unit: got µg expected mg
incorrect,59.png,Vitamin E,50,mg α-TE,per_100g (100 g Pulver),Vitamin E,300,mg,pro per 100 g Pulver,qty: got 300 expected 50 | unit: got mg expected mg α-TE | context: got pro per 100 g Pulver expected per_100g (100 g Pulver)
incorrect,59.png,Vitamin A,1667,µg RE,per_100g (100 g Pulver),Vitamin A,50,mg,pro per 100 g Pulver,qty: got 50 expected 1667 | unit: got mg expected µg RE | context: got pro per 100 g Pulver expected per_100g (100 g Pulver)
incorrect,59.png,Protein,0.14,g,per_daily_dose (1 Portion = 20 g Pulver),Protein,278,kJ,pro per Portion,qty: got 278 expected 0.14 | unit: got kJ expected g | context: got pro per Portion expected per_daily_dose (1 Portion = 20 g Pulver)
incorrect,59.png,Vitamin E,10,mg α-TE,per_daily_dose (1 Portion = 20 g Pulver),Vitamin E,375,µg,pro per 100 g Pulver,qty: got 375 expected 10 | unit: got µg expected mg α-TE | context: got pro per 100 g Pulver expected per_daily_dose (1 Portion = 20 g Pulver)
missing,59.png,Saturated Fats,<0.3,g,per_100g (100 g Pulver),,,,,nutrient not found in predictions
missing,59.png,Fibre,25,g,per_100g (100 g Pulver),,,,,nutrient not found in predictions
missing,59.png,Selenium,150,µg,per_100g (100 g Pulver),,,,,nutrient not found in predictions
missing,59.png,Energy,278,kJ,per_daily_dose (1 Portion = 20 g Pulver),,,,,nutrient not found in predictions
missing,59.png,Energy,66,kcal,per_daily_dose (1 Portion = 20 g Pulver),,,,,nutrient not found in predictions
missing,59.png,Sugars,12.9,g,per_daily_dose (1 Portion = 20 g Pulver),,,,,nutrient not found in predictions
missing,59.png,Fructose,12.7,g,per_daily_dose (1 Portion = 20 g Pulver),,,,,nutrient not found in predictions
missing,59.png,Fat,<0.1,g,per_daily_dose (1 Portion = 20 g Pulver),,,,,nutrient not found in predictions
missing,59.png,Saturated Fats,<0.1,g,per_daily_dose (1 Portion = 20 g Pulver),,,,,nutrient not found in predictions
missing,59.png,Fibre,5,g,per_daily_dose (1 Portion = 20 g Pulver),,,,,nutrient not found in predictions
missing,59.png,Selenium,30,µg,per_daily_dose (1 Portion = 20 g Pulver),,,,,nutrient not found in predictions
incorrect,61.png,Sugars,14.6,g,per_serving (30 g),Sugars,14.5,g,per_serving,qty: got 14.5 expected 14.6
missing,61.png,Energy,102,kcal,per_serving (30 g),,,,,nutrient not found in predictions
missing,61.png,Saturated Fats,0,g,per_serving (30 g),,,,,nutrient not found in predictions
missing,61.png,Energy,341,kcal,per_100g,,,,,nutrient not found in predictions
missing,61.png,Saturated Fats,0,g,per_100g,,,,,nutrient not found in predictions
incorrect,63.png,Energy,1424,kJ,per_100g,Energy,1424,kJ,per_serving,context: got per_serving expected per_100g
incorrect,63.png,Energy,341,kcal,per_100g,Energy,341,kcal,per_serving,context: got per_serving expected per_100g
incorrect,63.png,Potassium,333.3,mg,per_100g,Potassium,313.3,mg,per_100g,qty: got 313.3 expected 333.3
missing,63.png,Energy,102,kcal,per_serving (30 g),,,,,nutrient not found in predictions
incorrect,64.png,Vitamin C,50,mg,per_daily_dose (1 Ampulle/flask + 2 Caps.),Vitamin C,50,mg,per_serving,context: got per_serving expected per_daily_dose (1 Ampulle/flask + 2 Caps.)
incorrect,64.png,Vitamin B2,0.6,mg,per_daily_dose (1 Ampulle/flask + 2 Caps.),Vitamin B2,0.6,mg,per_serving,context: got per_serving expected per_daily_dose (1 Ampulle/flask + 2 Caps.)
incorrect,64.png,Niacin,7.0,mg,per_daily_dose (1 Ampulle/flask + 2 Caps.),Niacin,7.0,mg,per_serving,context: got per_serving expected per_daily_dose (1 Ampulle/flask + 2 Caps.)
incorrect,64.png,Vitamin B6,0.6,mg,per_daily_dose (1 Ampulle/flask + 2 Caps.),Vitamin B6,0.6,mg,per_serving,context: got per_serving expected per_daily_dose (1 Ampulle/flask + 2 Caps.)
incorrect,64.png,Folic Acid,80,µg,per_daily_dose (1 Ampulle/flask + 2 Caps.),Folic Acid,80,µg,per_serving,context: got per_serving expected per_daily_dose (1 Ampulle/flask + 2 Caps.)
incorrect,64.png,Vitamin B12,2.0,µg,per_daily_dose (1 Ampulle/flask + 2 Caps.),Vitamin B12,2.0,µg,per_serving,context: got per_serving expected per_daily_dose (1 Ampulle/flask + 2 Caps.)
incorrect,64.png,Pantothenic Acid,2.5,mg,per_daily_dose (1 Ampulle/flask + 2 Caps.),Pantothenic Acid,2.5,mg,per_serving,context: got per_serving expected per_daily_dose (1 Ampulle/flask + 2 Caps.)
incorrect,64.png,Zinc,3.0,mg,per_daily_dose (1 Ampulle/flask + 2 Caps.),Zinc,3.0,mg,per_serving,context: got per_serving expected per_daily_dose (1 Ampulle/flask + 2 Caps.)
missing,67.jpeg,Colecalciferol,25,µg,per_serving (Jede Tablette),,,,,nutrient not found in predictions
missing,67.jpeg,Vitamin D3,1000,I.E.,per_serving (Jede Tablette),,,,,nutrient not found in predictions
missing,67.jpeg,Colecalciferol,0.025,mg,per_daily_dose (Tagesdosis bis zu 1000 I.E.),,,,,nutrient not found in predictions
missing,67.jpeg,Vitamin D3,1000,I.E.,per_daily_dose (Tagesdosis bis zu 1000 I.E.),,,,,nutrient not found in predictions
incorrect,68.jpeg,L-Valine,5.7,g,per_100g,L-Valine,5.7,g,per_serving,context: got per_serving expected per_100g
incorrect,68.jpeg,L-Phenylalanine,2.6,g,per_100g,L-Phenylalanine,2.6,g,per_serving,context: got per_serving expected per_100g
incorrect,68.jpeg,Energy,1578,kJ,per_100g,Energy,24.6,kJ,per_serving,qty: got 24.6 expected 1578 | context: got per_serving expected per_100g
incorrect,68.jpeg,Fat,0.6,g,per_100g,Fat,0.5,g,per_100g,qty: got 0.5 expected 0.6
incorrect,68.jpeg,Saturated Fats,0.5,g,per_100g,Saturated Fats,0.2,g,per_100g,qty: got 0.2 expected 0.5
incorrect,68.jpeg,L-Leucine,9.2,g,per_100g,L-Leucine,6.8,g,per_serving,qty: got 6.8 expected 9.2 | context: got per_serving expected per_100g
incorrect,68.jpeg,L-Isoleucine,6.2,g,per_100g,L-Isoleucine,9.2,g,per_serving,qty: got 9.2 expected 6.2 | context: got per_serving expected per_100g
incorrect,68.jpeg,L-Lysine,8.8,g,per_100g,L-Lysine,8.6,g,per_serving,qty: got 8.6 expected 8.8 | context: got per_serving expected per_100g
incorrect,68.jpeg,L-Methionine,2.0,g,per_100g,L-Methionine,2.8,g,per_serving,qty: got 2.8 expected 2.0 | context: got per_serving expected per_100g
incorrect,68.jpeg,L-Threonine,6.2,g,per_100g,L-Threonine,2.5,g,per_serving,qty: got 2.5 expected 6.2 | context: got per_serving expected per_100g
incorrect,68.jpeg,L-Tryptophan,384,mg,per_serving (24 g),L-Tryptophan,0.9,mg,per_serving,qty: got 0.9 expected 384
missing,68.jpeg,Energy,372,kcal,per_100g,,,,,nutrient not found in predictions
missing,68.jpeg,L-Histidine,1.5,g,per_100g,,,,,nutrient not found in predictions
missing,68.jpeg,L-Tryptophan,1.6,g,per_100g,,,,,nutrient not found in predictions
missing,68.jpeg,Energy,379,kJ,per_serving (24 g),,,,,nutrient not found in predictions
missing,68.jpeg,Energy,89,kcal,per_serving (24 g),,,,,nutrient not found in predictions
missing,68.jpeg,Fat,0.1,g,per_serving (24 g),,,,,nutrient not found in predictions
missing,68.jpeg,Saturated Fats,0.1,g,per_serving (24 g),,,,,nutrient not found in predictions
missing,68.jpeg,Carbohydrate,1.2,g,per_serving (24 g),,,,,nutrient not found in predictions
missing,68.jpeg,Sugars,0.5,g,per_serving (24 g),,,,,nutrient not found in predictions
missing,68.jpeg,Protein,20,g,per_serving (24 g),,,,,nutrient not found in predictions
missing,68.jpeg,Salt,0.10,g,per_serving (24 g),,,,,nutrient not found in predictions
missing,68.jpeg,L-Valine,1.4,g,per_serving (24 g),,,,,nutrient not found in predictions
missing,68.jpeg,L-Leucine,2.2,g,per_serving (24 g),,,,,nutrient not found in predictions
missing,68.jpeg,L-Isoleucine,1.5,g,per_serving (24 g),,,,,nutrient not found in predictions
missing,68.jpeg,L-Lysine,2.1,g,per_serving (24 g),,,,,nutrient not found in predictions
missing,68.jpeg,L-Histidine,357,mg,per_serving (24 g),,,,,nutrient not found in predictions
missing,68.jpeg,L-Methionine,472,mg,per_serving (24 g),,,,,nutrient not found in predictions
missing,68.jpeg,L-Phenylalanine,629,mg,per_serving (24 g),,,,,nutrient not found in predictions
missing,68.jpeg,L-Threonine,1.5,g,per_serving (24 g),,,,,nutrient not found in predictions
incorrect,8.png,Protein,2.2,g,per_serving (Per Bar 60g),Protein,2.2,g,per_bar_60g,context: got per_bar_60g expected per_serving (Per Bar 60g)
incorrect,8.png,Fat,4.8,g,per_serving (Per Bar 60g),Fat,4.8,g,per_bar_60g,context: got per_bar_60g expected per_serving (Per Bar 60g)
incorrect,8.png,Saturated Fats,3.4,g,per_serving (Per Bar 60g),Saturated Fats,3.4,g,per_bar_60g,context: got per_bar_60g expected per_serving (Per Bar 60g)
incorrect,8.png,Carbohydrate,41,g,per_serving (Per Bar 60g),Carbohydrate,41,g,per_bar_60g,context: got per_bar_60g expected per_serving (Per Bar 60g)
incorrect,8.png,Sugars,21,g,per_serving (Per Bar 60g),Sugars,21,g,per_bar_60g,context: got per_bar_60g expected per_serving (Per Bar 60g)
incorrect,8.png,Fibre,1.9,g,per_serving (Per Bar 60g),Fibre,1.9,g,per_bar_60g,context: got per_bar_60g expected per_serving (Per Bar 60g)
incorrect,8.png,Energy,892,kJ,per_serving (Per Bar 60g),Energy,892,kJ/kcal,per_bar_60g,unit: got kJ/kcal expected kJ | context: got per_bar_60g expected per_serving (Per Bar 60g)
incorrect,8.png,Energy,1486,kJ,per_100g,Energy,1486,kJ/kcal,per_100g,unit: got kJ/kcal expected kJ
incorrect,8.png,Sodium,43,mg,per_serving (Per Bar 60g),Sodium,42,mg,per_bar_60g,qty: got 42 expected 43 | context: got per_bar_60g expected per_serving (Per Bar 60g)
missing,8.png,Energy,213,kcal,per_serving (Per Bar 60g),,,,,nutrient not found in predictions
missing,8.png,Energy,355,kcal,per_100g,,,,,nutrient not found in predictions
incorrect,82.jpeg,Energy,0,kJ,per_100g,Energy,0,kJ/kcal,per_serving,unit: got kJ/kcal expected kJ | context: got per_serving expected per_100g
missing,82.jpeg,Energy,0,kcal,per_100g,,,,,nutrient not found in predictions
missing,82.jpeg,Protein,0,g,per_100g,,,,,nutrient not found in predictions
missing,82.jpeg,Carbohydrate,0,g,per_100g,,,,,nutrient not found in predictions
missing,82.jpeg,Fat,0,g,per_100g,,,,,nutrient not found in predictions
missing,82.jpeg,Energy,0,kJ,per_serving (3 g/1 level teaspoon),,,,,nutrient not found in predictions
missing,82.jpeg,Energy,0,kcal,per_serving (3 g/1 level teaspoon),,,,,nutrient not found in predictions
incorrect,88.png,Energy,772,kJ,per_serving (330 ML),Energy,772,kJ,per_drink,context: got per_drink expected per_serving (330 ML)
incorrect,88.png,Fat,2.3,g,per_serving (330 ML),Fat,2.3,g,per_drink,context: got per_drink expected per_serving (330 ML)
incorrect,88.png,Salt,0.33,g,per_serving (330 ML),Salt,0.33,g,per_drink,context: got per_drink expected per_serving (330 ML)
incorrect,88.png,Sugars,3.5,g,per_100ml,Sugars,4.1,g,per_100ml,qty: got 4.1 expected 3.5
incorrect,88.png,Protein,8.0,g,per_100ml,Protein,3.5,g,per_100ml,qty: got 3.5 expected 8.0
incorrect,88.png,Sugars,11,g,per_serving (330 ML),Sugars,13,g,per_drink,qty: got 13 expected 11 | context: got per_drink expected per_serving (330 ML)
incorrect,88.png,Protein,26,g,per_serving (330 ML),Protein,11,g,per_drink,qty: got 11 expected 26 | context: got per_drink expected per_serving (330 ML)
missing,88.png,Energy,55,kcal,per_100ml,,,,,nutrient not found in predictions
missing,88.png,Saturated Fats,0.5,g,per_100ml,,,,,nutrient not found in predictions
missing,88.png,Carbohydrate,4.1,g,per_100ml,,,,,nutrient not found in predictions
missing,88.png,Energy,181,kcal,per_serving (330 ML),,,,,nutrient not found in predictions
missing,88.png,Saturated Fats,1.6,g,per_serving (330 ML),,,,,nutrient not found in predictions
missing,88.png,Carbohydrate,13,g,per_serving (330 ML),,,,,nutrient not found in predictions
incorrect,9.jpeg,Zinc,5,mg,per_serving (pro 1 Tablette),Zinc,5,mg,pro 1 Tablette,context: got pro 1 Tablette expected per_serving (pro 1 Tablette)
incorrect,9.jpeg,Vitamin C,30,mg,per_serving (pro 1 Tablette),Vitamin C,30,mg,pro 1 Tablette,context: got pro 1 Tablette expected per_serving (pro 1 Tablette)
incorrect,9.jpeg,Zinc,10,mg,per_daily_dose (pro 2 Tabletten),Zinc,10,mg,pro 2 Tabletten,context: got pro 2 Tabletten expected per_daily_dose (pro 2 Tabletten)
incorrect,9.jpeg,Vitamin C,60,mg,per_daily_dose (pro 2 Tabletten),Vitamin C,60,mg,pro 2 Tabletten,context: got pro 2 Tabletten expected per_daily_dose (pro 2 Tabletten)
incorrect,90.png,Protein,< 0.1,g,per_daily_dose (2 Shots (60 ml)),Protein,<0.1,g,per_2shots,context: got per_2shots expected per_daily_dose (2 Shots (60 ml))
incorrect,90.png,Salt,0.10,g,per_daily_dose (2 Shots (60 ml)),Salt,<0.1,g,per_100ml,context: got per_100ml expected per_daily_dose (2 Shots (60 ml))
incorrect,90.png,Energy,45,kcal,per_100ml,Energy,192,kcal,per_2shots,qty: got 192 expected 45 | context: got per_2shots expected per_100ml
incorrect,90.png,Salt,0.16,g,per_100ml,Salt,<0.1,g,per_2shots,qty: got <0.1 expected 0.16 | context: got per_2shots expected per_100ml
incorrect,90.png,Sugars,6.0,g,per_daily_dose (2 Shots (60 ml)),Sugars,10,g,per_2shots,qty: got 10 expected 6.0 | context: got per_2shots expected per_daily_dose (2 Shots (60 ml))
incorrect,90.png,Magnesium,56,mg,per_daily_dose (2 Shots (60 ml)),Magnesium,0.16,g,per_100ml,qty: got 0.16 expected 56 | unit: got g expected mg | context: got per_100ml expected per_daily_dose (2 Shots (60 ml))
incorrect,90.png,Fat,0,g,per_daily_dose (2 Shots (60 ml)),Saturated fatty acids,<0.1,g,per_100ml,nutrient: no match | qty: got <0.1 expected 0 | context: got per_100ml expected per_daily_dose (2 Shots (60 ml))
missing,90.png,Saturated Fats,< 0.1,g,per_100ml,,,,,nutrient not found in predictions
missing,90.png,Carbohydrate,10,g,per_100ml,,,,,nutrient not found in predictions
missing,90.png,Energy,115,kJ,per_daily_dose (2 Shots (60 ml)),,,,,nutrient not found in predictions
missing,90.png,Energy,27,kcal,per_daily_dose (2 Shots (60 ml)),,,,,nutrient not found in predictions
missing,90.png,Saturated Fats,0,g,per_daily_dose (2 Shots (60 ml)),,,,,nutrient not found in predictions
missing,90.png,Carbohydrate,6.0,g,per_daily_dose (2 Shots (60 ml)),,,,,nutrient not found in predictions
incorrect,91.png,Energy,772,kJ,per_serving (PER DRINK (330 ML)),Energy,772,kJ,per_drink,context: got per_drink expected per_serving (PER DRINK (330 ML))
incorrect,91.png,Carbohydrate,13,g,per_serving (PER DRINK (330 ML)),Carbohydrate,13,g,per_drink,context: got per_drink expected per_serving (PER DRINK (330 ML))
incorrect,91.png,Protein,26,g,per_serving (PER DRINK (330 ML)),Protein,26,g,per_drink,context: got per_drink expected per_serving (PER DRINK (330 ML))
incorrect,91.png,Salt,0.33,g,per_serving (PER DRINK (330 ML)),Salt,0.33,g,per_drink,context: got per_drink expected per_serving (PER DRINK (330 ML))
incorrect,91.png,Fat,2.3,g,per_serving (PER DRINK (330 ML)),Fat,1.6,g,per_drink,qty: got 1.6 expected 2.3 | context: got per_drink expected per_serving (PER DRINK (330 ML))
incorrect,91.png,Sugars,11,g,per_serving (PER DRINK (330 ML)),Sugars,26,g,per_drink,qty: got 26 expected 11 | context: got per_drink expected per_serving (PER DRINK (330 ML))
missing,91.png,Energy,55,kcal,per_100ml,,,,,nutrient not found in predictions
missing,91.png,Saturated Fats,0.5,g,per_100ml,,,,,nutrient not found in predictions
missing,91.png,Energy,181,kcal,per_serving (PER DRINK (330 ML)),,,,,nutrient not found in predictions
missing,91.png,Saturated Fats,1.6,g,per_serving (PER DRINK (330 ML)),,,,,nutrient not found in predictions
